Subject,Type,Title,ID_or_Link,Platform
,,,,
,,,,
,,,✅ Import Complete,
ENT,video,1 HOW TO READ ENT,https://youtu.be/OlgmeUgkph8,
ENT,video,2 BASICS OF EAR,https://youtu.be/SZQcPzTh12M,
ENT,video,3 CLINICAL EMBRYOLOGY OF INNER EAR,https://youtu.be/SjchvPK7Pcs,
ENT,video,4 EMBROYOLOGY OF MIDDLE AND EXTERNAL EAR,https://youtu.be/YC6mqZHeJYY,
ENT,video,5 CLINICAL ANATOMY OF EXTERNAL EAR,https://youtu.be/haNcfMNQBik,
ENT,video,6 CLINICAL ANATOMY OF MIDDLE EAR PART 1,https://youtu.be/sXmdYGCgh_M,
ENT,video,7 CLINICAL ANATOMY OF MIDDLE EAR PART 2,https://youtu.be/Rum796f-Xbs,
ENT,video,8 CLINICAL ANATOMY OF INNER EAR,https://youtu.be/HCcX-tTMe9I,
ENT,video,9 NERVE SUPPLY OF EAR,https://youtu.be/x7fnsHrCTJY,
ENT,video,10 AUDIOLOGY AND TUNNING FORK,https://youtu.be/tvGZe1DxLjM,
ENT,video,11 AUDIOLOGY AND PTA,https://youtu.be/9mOBHLagiSM,
ENT,video,12 AUDIOLOGY PART 3,https://youtu.be/Wn89jrUOTh0,
ENT,video,13 AUDIOLOGY PART 4 BERA,https://youtu.be/KimtIUk9maw,
ENT,video,14 VESTIBULAR PHYSIOLOGY,https://youtu.be/-l46FTjet7s,
ENT,video,15 VERTIGO ANDVESTIBULAR FUNCTION,https://youtu.be/VxsaZkZTn8A,
ENT,video,16 Disease of Pinna,https://youtu.be/5R6AYr16nas,
ENT,video,17 DISEASE OF EXTERNAL AUDITORY CANAL,https://youtu.be/DwAB8MbAtRM,
ENT,video,18 CONDITION OF TYMPANIC MEMBRANE,https://youtu.be/P4NdOAwfwS4,
ENT,video,19 ACUTE OTITIS MEDIA,https://youtu.be/6vdxKfBf3Pc,
ENT,video,20 SEROUS OTITIS MEDIA,https://youtu.be/9L2fSYvpJIE,
ENT,video,21 CHRONIC MUCOSAL OTITIS MEDIA,https://youtu.be/EyStf_EVHgg,
ENT,video,22 CHRONIC SQUAMOUS OTITIS MEDIA,https://youtu.be/fwA9kiRbOsk,
ENT,video,23 COMPLICATION OF OTITIS MEDIA,https://youtu.be/0bagyGQUVIA,
ENT,video,24 OTOSCLEROSIS,https://youtu.be/JXgzuhbEszA,
ENT,video,25 MEINER DISEASE,https://youtu.be/t3KtwR5MRYA,
ENT,video,26 SUPERIOR SEMICIRCULAR CANAL DEHISCENECE,https://youtu.be/biQYW0kiW84,
ENT,video,27 BPPV,https://youtu.be/6PwDUSd4ODo,
ENT,video,28 VESTIBULAR NERUITIS,https://youtu.be/awmExUkMFn0,
ENT,video,29 SNHL AND OTHER,https://youtu.be/6dxI8FKRO9U,
ENT,video,30 TUMOR OF EXTERNAL AND MIDDLE EAR,https://youtu.be/DiezQzis5I0,
ENT,video,31 ACOUSTIC NEUROMA,https://youtu.be/g491BHLBNo4,
ENT,video,32 FACIAL NERVE PART 1,https://youtu.be/rxTYq0CurB0,
ENT,video,33 FACIAL NERVE PART 2,https://youtu.be/sP3kuZzleZs,
ENT,video,34 HEARING REHABILITATION,https://youtu.be/68HYlO5XJNM,
ENT,video,35 CLINICAL ANATOMY OF EXTERNAL NOSE AND CHOANAL ATRESIA,https://youtu.be/gS570gfwxIA,
ENT,video,36 LATERAL WALL OF NOSE,https://youtu.be/z8xrf7OeUFw,
ENT,video,37 CLINICAL ANATOMY AND DISEASE OF SEPTUM,https://youtu.be/GhK5hHLzHns,
ENT,video,38 NERVE SUPPLY NOSE PART 1,https://youtu.be/Qqp0oL2WW_4,
ENT,video,39 NERVE SUPPLY OF NOSE PART 2,https://youtu.be/8hnEyCVh_2E,
ENT,video,40 ARTERIAL SUPPLY OF NOSE AND EPISTAXIS,https://youtu.be/6L-bTsgtUTk,
ENT,video,41 ANATOMY OF PNS AND RHINOSINUSITIS,https://youtu.be/vknqoIBB1Vs,
ENT,video,42 COMPLICATION OF SINUSITIS,https://youtu.be/M52mCB--Ci0,
ENT,video,43 NASAL POLYPS,https://youtu.be/B508Fc__VGE,
ENT,video,44 FUNGAL SINUSITIS,https://youtu.be/nNvG1xPKJfI,
ENT,video,45 ATROPHIC RHINITIS AND GRANULOMATOUS CONDITION OF NOSE,https://youtu.be/WCS7aXFnA40,
ENT,video,46 FRACTURE OF NOSE AND CSF RHINORRHOEA,https://youtu.be/myVexCR8iG0,
ENT,video,47 TUMOR OF NOSE AND PNS,https://youtu.be/mqpkhSvEmMU,
ENT,video,48 CLINICAL ANATOMY OF PHARYNX,https://youtu.be/7L61gr2zlZY,
ENT,video,49 ANATOMY OF PHARYNX PART 2,https://youtu.be/CNCCGIsxzPo,
ENT,video,50 ANATOMY OF PHARYNX PART 3,https://youtu.be/xc-HjU2MtXQ,
ENT,video,51 ANTOMY OF PHARYNX PART 4,https://youtu.be/ahh2Cxr1eFQ,
ENT,video,52 ADENOID HYPERTROPHY,https://youtu.be/K635YT-QJlU,
ENT,video,53 ANGIOFIBROMA,https://youtu.be/gSbU7qRPxG8,
ENT,video,54 NASOPHARYNGEAL CARCINOMA,https://youtu.be/L15554KsScs,
ENT,video,55 CONDITION OF TONSILL AND TONSILLECTOMY PART 1,https://youtu.be/TwnAt-MFeYo,
ENT,video,56 CONDITION OF TONSIL AND TONSILLECTOMY PART 2,https://youtu.be/ZoYKy5o6WB0,
ENT,video,57 ANATOMY OF LARYNX PART 1,https://youtu.be/eK4npvo9_hM,
ENT,video,58 CLINICAL ANATOMY OF LARYNX PART 2,https://youtu.be/ParVkMdGPIw,
ENT,video,59 INFECTION OF LARYNX,https://youtu.be/wSrGV6VYFxU,
ENT,video,60 CONGENITAL CONDITION OF LARYNX,https://youtu.be/3X1kaWYP0Fo,
ENT,video,61 VOICE DISORDER,https://youtu.be/Ll7zN0OaqIU,
ENT,video,62 NERVE SUPPLY OF LARYNX AND VOCAL CORD PALSY,https://youtu.be/cQGiWnMC4T0,
ENT,video,63 CARCINOMA LARYNX,https://youtu.be/B8u5yEpGARE,
ENT,video,64 TRACHEOSTOMY OF FORIGN BODY,https://youtu.be/6VvB8ILTspQ,
,,,,
Anaesthesia,qbank,Anaesthesia ed8,https://drive.google.com/file/d/1LT9teuJhQ0NHMFQiJd9UYFkOssoCYYdI/view?usp=drivesdk,Marrow
Pathology,qbank,Pathology ed8,https://drive.google.com/file/d/11rJ6l_DH_Cc0dqCZKh2m02wzh-WMLskN/view?usp=drivesdk,Marrow
Physiology,qbank,Physiology ed8,https://drive.google.com/file/d/1QG0SEMGS3hgN-1D1YN3hGw4w1wp1VwTG/view?usp=drivesdk,Marrow
Radiology,qbank,Radiology ed8,https://drive.google.com/file/d/1NsfqkpprGZJrRixlbpUulmIUM3d03-wU/view?usp=drivesdk,Marrow
Surgery,qbank,Surgery ed8,https://drive.google.com/file/d/1qBzh-tSKLuXchGEOiHptuWC_TIsY6DvN/view?usp=drivesdk,Marrow
PSM,qbank,PSM ed8,https://drive.google.com/file/d/17LVnaGZ3T8gr0PPb5WOVJaIfiFJE28lS/view?usp=drivesdk,Marrow
Psychiatry,qbank,Psychiatry ed8,https://drive.google.com/file/d/1sEVro7MLw-OjKcVKgvgMVcfpX09v_R3F/view?usp=drivesdk,Marrow
Pediatrics,qbank,Pediatrics ed8,https://drive.google.com/file/d/1DWvl0z80ffvdLg6dke-ZcZhwnJ3XeqJd/view?usp=drivesdk,Marrow
Orthopedics,qbank,Orthopaedics ed8,https://drive.google.com/file/d/11oNrSNHK0hdhqUhLrYdVBQbPUfiO8JVb/view?usp=drivesdk,Marrow
Pharmacology,qbank,Pharmacology ed8,https://drive.google.com/file/d/10QtoAfOdtjBdKSL4gt0u1vzFpx2nO9Qn/view?usp=drivesdk,Marrow
Ophthalmology,qbank,Ophthalmology ed8,https://drive.google.com/file/d/1iwb2fHEI1BX6Y0a1-bScixDXyFLz7c6q/view?usp=drivesdk,Marrow
Obstetrics and gynaecology,qbank,OBGYN ed8,https://drive.google.com/file/d/1hFYv_Vuz_lDV2ENFPkbFik2NuXFEm_El/view?usp=drivesdk,Marrow
Medicine,qbank,Medicine ed8,https://drive.google.com/file/d/1MCUjIMU5JmOPw2xvgnbFlx6QlvUpagt5/view?usp=drivesdk,Marrow
Microbiology,qbank,Microbiology ed8,https://drive.google.com/file/d/1tMUBl3S0-lpvG0uu4raL23c1mbaVyYYq/view?usp=drivesdk,Marrow
FMT,qbank,Forensic Medicine ed8,https://drive.google.com/file/d/1jlcFL5vehU4p-KiKpwcppm5nbjh-Pz1h/view?usp=drivesdk,Marrow
Anatomy,qbank,Anatomy ed8,https://drive.google.com/file/d/1EzQ8rr0PO7IASoG4RjYG3CvMB9CVEHNe/view?usp=drivesdk,Marrow
Dermatology,qbank,Dermatology ed8,https://drive.google.com/file/d/1diQP5EiiSfbZruTmJrYN0fVRmGaOvCoJ/view?usp=drivesdk,Marrow
Biochemistry,qbank,Biochemistry ed8,https://drive.google.com/file/d/1zCELMA3yaqyuVkx1O15vge6PvvGe2EGz/view?usp=drivesdk,Marrow
ENT,qbank,ENT ed8,https://drive.google.com/file/d/1R1wNqoz4-CjJywICxnSRVNETllJueP9r/view?usp=drivesdk,Marrow
,,,,
,,,,
,,,✅ Folder Imported,
Pharmacology,notes,KD Tripathi Essential of Medical Pharmacology 8thEd,https://drive.google.com/file/d/1YCbsDvHEIkA_1VYH2nTqK6EuR_nynNX8/view?usp=drivesdk,
,,,,
,,,,
,,,,
,,,✅ Import Complete,
microbiology,notes,Essentials_of_Microbiology_Apurba_Sastry_3rd_Edition@medflix_2,https://drive.google.com/file/d/14VKRu-tcD6gK3t9R2dyNbSnNsBtaB7qy/view?usp=drivesdk,
pathology,notes,HarshMohan Practical Pathology,https://drive.google.com/file/d/1ZVLEQE_wa75THH8Ze_F4HJ79fTyIRNKZ/view?usp=drivesdk,
pharmacology,notes,pharma 2,https://drive.google.com/file/d/1BhWET_tUggFi5F9teR0a7vctNYG6nV5r/view?usp=drivesdk,
pharmacology,notes,K_D_Tripathi_Pharmacological_Classification_of_Drugs_with_Doses,https://drive.google.com/file/d/1x5XFtHLunmnkYF0QdL2FbazuzX_ZKBs-/view?usp=drivesdk,
pharmacology,notes,Pharmacological_CLASSIFICATION_OF_DRUGS_with_Doses_and_PreparationsKDT,https://drive.google.com/file/d/1GidK7yCr55576E6Fpg5HQGO5rFXiKj3C/view?usp=drivesdk,
pharmacology,notes,pharma 1,https://drive.google.com/file/d/1447TYF7EaZNus0XKZIKR7Hh30eRctU34/view?usp=drivesdk,
microbiology,notes,micro 2,https://drive.google.com/file/d/1gtk68nWfcNlKQzk4tEKpoD03Y1RmBhY7/view?usp=drivesdk,
microbiology,notes,Microbiology_Apurba_Sastry_3rd_Edition@MBBS_Books_Library_India,https://drive.google.com/file/d/1uQzQpYbD0oFNVGkW5caX2eVn3nFZTCoA/view?usp=drivesdk,
microbiology,notes,Apurba Sankar Sastry Essentials of Medical Parasitology,https://drive.google.com/file/d/1rjVLZaUtfco0aYcvWlX_Y_KZ3k4nKmp7/view?usp=drivesdk,
microbiology,notes,Essentials of Medical Microbiology - Apurba Sastry (2Ed),https://drive.google.com/file/d/1sjYtEDLunlRvc4kxjleoI5JChOLU621u/view?usp=drivesdk,
microbiology,notes,Apurba S Sastry Review of Microbiology and Immunology,https://drive.google.com/file/d/1gH-LcpSwxCoCb-azIhqDd3WoVy9A0WlX/view?usp=drivesdk,
microbiology,notes,micro 1 paper,https://drive.google.com/file/d/1EXEB_DW-s7Bmcx8AAivG690GYQ5as4j_/view?usp=drivesdk,
pathology,notes,Priyanka Pathology prof buster 2,https://drive.google.com/file/d/1BYH0RXdO9B2gMoMz3vfJxwv8azno8i1v/view?usp=drivesdk,
pathology,notes,Priyanka Pathology prof buster 1 (1),https://drive.google.com/file/d/1vZjuI-yCo2tTFHtp1KTbPK09Tngzo3Gf/view?usp=drivesdk,
pathology,notes,Pathology  Masterchart​ (2),https://drive.google.com/file/d/1FyzGBzzZwSZsbffq5wDcfrot1vD-3Q1x/view?usp=drivesdk,
pathology,notes,Pathology Images (all in one Merged),https://drive.google.com/file/d/1VBKmhgJHyJAhXtp9Ftug4spvmg1k2HAq/view?usp=drivesdk,
pathology,notes,USMLE Step 1 Lecture Notes Pathology (2019),https://drive.google.com/file/d/1opZ3bia-4Uc58h85sRRrez93mCdmfp-J/view?usp=drivesdk,
pathology,notes,Concise Pathology For Exam Preparation 3rd Edition (2016),https://drive.google.com/file/d/1ObEQuGrPQM1XusRq92yZKzGPLeWv2uJo/view?usp=drivesdk,
pathology,notes,PATHOLOGY_Competency_Based_Questions_and_Answers_Sushruta_Academy,https://drive.google.com/file/d/1avEkB55UovfzwOnmggVAU5_w5Rhfnnex/view?usp=drivesdk,
microbiology,notes,MICROBIOLOGY_Competency_Based_Questions_and_Answers_Sushruta_Academy,https://drive.google.com/file/d/187HwgPZVLAU7fUblAFHuW5g4JXZ_3jHF/view?usp=drivesdk,
pathology,notes,RAMADAS_NAYAK_Exam_Preparatory_Manual_For_Undergraduates_Pathology,https://drive.google.com/file/d/1LzC9nd2jQSySGGQleTlKyWOxb9am54xG/view?usp=drivesdk,
Other,notes,Bhalani II,https://drive.google.com/file/d/1BnMVeCud6bsO56obj8nNHX6jOq0YItlL/view?usp=drivesdk,Other
pharmacology,notes,Review of Pharmacology-GRG 14th Ed  (@medflix_2),https://drive.google.com/file/d/1jEOIJwVTXVUC2jRCRnL_S38BEEpSN4i0/view?usp=drivesdk,
microbiology,notes,micro Spotting-1,https://drive.google.com/file/d/1LQrJFV2uKnAxjndYNCvB4lo0yCEyVXPe/view?usp=drivesdk,
microbiology,notes,Micro Charts- Stool Examination-1,https://drive.google.com/file/d/1lN6sA3rUXXh-gdc_eJlgCEc8RZ8SWlwr/view?usp=drivesdk,
,,,https://drive.google.com/drive/folders/1b8pINfZK4mNaBZ3aFMCkIOFHhu0O6vXG?usp=drive_link,
Other,notes,images of all 19 subjects (1) watermark,https://drive.google.com/file/d/138bkmBZCc0CkrHphn43bM0F9w9V7s7LH/view?usp=drivesdk,
PSM,notes,New things in PSM BTR 2.0 …( apart from BTR 1.0),https://drive.google.com/file/d/1yJQ6yu3rLqwbn4CtG8r5Riq978195CO-/view?usp=drivesdk,
PSM,notes,spm programmes,https://drive.google.com/file/d/1dOwe6LhsNPcPpgD1M-WnpBhw61e3Z29b/view?usp=drivesdk,
Pathology,notes,Pathology Bodies (1),https://drive.google.com/file/d/1U6wfGS7GNzh87KisfFT6ngCJP-c81cn0/view?usp=drivesdk,
Gynaecology&Obstetrics,notes,Obstetric timelines,https://drive.google.com/file/d/1qPXfTAEMoECsRXofAeF1JvQUi6Kp6Cs_/view?usp=drivesdk,
Other,notes,BTR 2.0 ,https://drive.google.com/file/d/1JQbvKMU3SrQArmF2DT5GfjBJEzDV2eAT/view?usp=drivesdk,
Other,notes,BTR 2.0  (2),https://drive.google.com/file/d/1E37L7QoO1xr1K2x-tjLL5pywurQaaoPR/view?usp=drivesdk,
Physiology,notes,Physiology Concept Book,https://drive.google.com/file/d/1nkDcQmTQ29lNHWB3wJ3UG9-pOMM4e-ne/view?usp=drivesdk,
Orthopedics,notes,Orthopaedic Concept Book,https://drive.google.com/file/d/1snARkydwsbzlaoUjwNesikHmbbr61eFI/view?usp=drivesdk,
Pharmacology,notes,Pharmacology Concept Book,https://drive.google.com/file/d/16Qc57fBAMJARPbSP46yIIcavq8_UIVaB/view?usp=drivesdk,
Anatomy,notes,Anatomy Concept Book ,https://drive.google.com/file/d/17Ioq9yMBbgIfs-fkCokmInEz2XoE2VA0/view?usp=drivesdk,
Gynaecology&Obstetrics,notes,Obstetrics & Gynaecology Concept Book ,https://drive.google.com/file/d/1Zk9KJuQQD51xbB__9cNTLbpMUIVpKcd7/view?usp=drivesdk,
Dermatology,notes,Dermatology Concept Book,https://drive.google.com/file/d/10IF1pbk32uR7Mv6EV8T0HU5oLInl7kQY/view?usp=drivesdk,
ENT,notes,ENT Concept Book ,https://drive.google.com/file/d/1G6hCWdstKx0XjTo9y2nC2bBJU_v5oWaZ/view?usp=drivesdk,
Anesthesia,notes,Anesthesia Concept Book ,https://drive.google.com/file/d/1W_JnmtOi9_lCJHiddnL99YDlAZ9ZIHsE/view?usp=drivesdk,
Anesthesia,notes,Anesthesia Concept Book  (2),https://drive.google.com/file/d/1hjGlMyvTRidb1LUWAUwIlCXCmLSb0h81/view?usp=drivesdk,
Psychiatry,notes,Psychiatry Concept Book,https://drive.google.com/file/d/1LDCPdsRDWTzT9iT51G493TXeHMiY2f-_/view?usp=drivesdk,
Microbiology,notes,Microbiology Concept Book ,https://drive.google.com/file/d/1wTBe9dZ8vNsMi6omBMW9X9FL91_iJW84/view?usp=drivesdk,
Medicine,notes,Medicine Concept Book,https://drive.google.com/file/d/1k2JAnmGbsaLIL3L3srPOLCKzDyc-XISW/view?usp=drivesdk,
Ophthalmology,notes,Ophthalmology Concept Book,https://drive.google.com/file/d/1AhPIAKOobepPCQBjz90DjSLQb4tQ6gIJ/view?usp=drivesdk,
Radiology,notes,Radiology Concept Workbook ,https://drive.google.com/file/d/1qFAWcAfo4lTkF3R_vP7ZcUW-G50inpSW/view?usp=drivesdk,
,,,https://drive.google.com/drive/folders/1b8pINfZK4mNaBZ3aFMCkIOFHhu0O6vXG?usp=drive_link,
FMT,notes,FMT Concept Book,https://drive.google.com/file/d/1KhxDHPgZZGg-FFYyF640IG96ZD-d0Ea2/view?usp=drivesdk,
PSM,notes,PSM Concept Book,https://drive.google.com/file/d/17eCPAUs4dhEf_A4hRI-H7Dtv4F25W4rT/view?usp=drivesdk,
Anatomy,notes,ANATOMY IMAGES New,https://drive.google.com/file/d/1NT2bLg_YyS5vSZrGr1jbGvBoavwDuqK5/view?usp=drivesdk,
Psychiatry,notes,psychi class images ,https://drive.google.com/file/d/1Wv2TBWycmK78lbFm3nWXoJR9KOifKZxj/view?usp=drivesdk,
Microbiology,notes,Micro class images,https://drive.google.com/file/d/14HqnaYLUpeppmWTsn4xnsSKAVdnK_FGK/view?usp=drivesdk,
Other,notes,optha class images,https://drive.google.com/file/d/1dyiJXWfGVk3pzjT9QBty_puPrd-Vll7_/view?usp=drivesdk,
ENT,notes,ENT Images,https://drive.google.com/file/d/1Ar6vNWDAyeALUXfedQBROZx3NQWVAUr5/view?usp=drivesdk,
Medicine,notes,medicine class images ,https://drive.google.com/file/d/1ZSH18Pl6SKjnM8WAN-Mzc0lb8xGmanCD/view?usp=drivesdk,
Pediatrics,notes,Pediatrics All Syndromes in one,https://drive.google.com/file/d/1ymI8LQu50vEBcMB2ZEIpjtuu274EIOe_/view?usp=drivesdk,
PSM,notes,PSM PROGRAM IMAGES WITH BUZZWORDS,https://drive.google.com/file/d/1WNDSY52dIqW-zAFGQgkKqfpv9JwfCfhk/view?usp=drivesdk,
Other,notes,Antibiotics Mindmap,https://drive.google.com/file/d/19Y2-NYsCK2l4aAZJk1uiFVlhfS31zr3X/view?usp=drivesdk,
FMT,notes,FMT Images (all in one Merged),https://drive.google.com/file/d/1cAAWtsOS-ZQV-0etTSW2-9SRstwDFfut/view?usp=drivesdk,
Gynaecology&Obstetrics,notes,OBG Image Bank Edition 2 0 Updated upto NEET PG 2021,https://drive.google.com/file/d/1ErzlarfbumEp27JgD5iVWphOcd-1iBCu/view?usp=drivesdk,
Orthopedics,notes,Orthopaedics Image Bank Edition 2 0 Updated upto NEET PG 2021,https://drive.google.com/file/d/1KQjMkvbPLoPjL_Y3I3ZjBzgVLVdzq7XY/view?usp=drivesdk,
Medicine,notes,Medicine IBQ,https://drive.google.com/file/d/1tzogOSIke9zKxkedRwSmDsR1fErk50bZ/view?usp=drivesdk,
Paediatric,notes,Paediatric Image Bank,https://drive.google.com/file/d/14Td3rjI1-s_ua_mdYFlZhMja21JMmn7f/view?usp=drivesdk,
Pathology,notes,Pathology Image Bank Edition 2 0 Updated upto NEET PG 2021,https://drive.google.com/file/d/1c6hOz0NXxvx_4bFxhgyhJQyqtzp4DaAg/view?usp=drivesdk,
Surgery,notes,Surgery Image Bank Edition 2 0 Updated upto NEET PG 2021,https://drive.google.com/file/d/16LL5dSMaXkCS7Sp9QMUbIFdBv_rYPkFC/view?usp=drivesdk,
Ophthalmology,notes,Ophthalmology Image Bank Edition 2 0 Updated upto NEET PG 2021,https://drive.google.com/file/d/1TCg2wMSL4hgB4U-FoL6LUPvyGddzCfTA/view?usp=drivesdk,
Pharmacology,notes,Pharmacology Image Bank,https://drive.google.com/file/d/13pORcU64bZv-U0YA1cw5hcCs9XaPDN3q/view?usp=drivesdk,
Psychiatry,notes,Psychiatry Image Bank Edition 2 0 Updated upto NEET PG 2021,https://drive.google.com/file/d/1aJWnRe2PGXa967pfmwP2ezTf--_F8rQJ/view?usp=drivesdk,
Physiology,notes,Physiology Image Bank Edition 2 Updated upto NEET PG 21,https://drive.google.com/file/d/1rF0zfgAY5fD86zIYskZBUUK_A1KB_oey/view?usp=drivesdk,
Radiology,notes,Radiology Image Bank Edition 2 0 Updated upto NEET PG 2021,https://drive.google.com/file/d/1IsCi7JTywQ_tZ6BQYR86k1GuvPtyT-qU/view?usp=drivesdk,
,,,✅ Folder Imported,
PSM,notes,SPM Image Bank,https://drive.google.com/file/d/1nsaEUg2KXPtR3WTAOISDuBeIoLuK3meP/view?usp=drivesdk,
Ophthalmology,notes,Ophthalmology Fast Track TND 2026,https://drive.google.com/file/d/1BV7kM4qvYdRpikxTWasEtDtX-bjSJXW5/view?usp=drivesdk,
ENT,notes,ENT Fast Track TND 2026,https://drive.google.com/file/d/1gRV1VM0pnBgwZoIV6UHDAwSNNnnVXKGG/view?usp=drivesdk,
PSM,notes,PSM Fast Track TND 2026,https://drive.google.com/file/d/1tLiV5BXAqKn-NqZoJf3itTJExPQC1UId/view?usp=drivesdk,
ENT,notes,ENT Fast Track TND 2026,https://drive.google.com/file/d/1HBd_n_JJFiMK1i4kZzmVY0QFEM_JePo5/view?usp=drivesdk,
Microbiology,notes,Microbiology Fast Track TND 2026,https://drive.google.com/file/d/1RI0nzvAEAXiB3DSB5NXppyVcgNB9Q7Ti/view?usp=drivesdk,
Microbiology,notes,Microbiology Fast Track TND 2026,https://drive.google.com/file/d/1a_7VfCCcWtQjm_HIlmisiZtSGd3ej6XS/view?usp=drivesdk,
Ophthalmology,notes,Ophthalmology Fast Track TND 2026,https://drive.google.com/file/d/1hBBkp8gu5D16S0Je1MtqTrVdD4Q_-tXO/view?usp=drivesdk,
ENT,notes,Complete ENT Instruments (1),https://drive.google.com/file/d/1gtrSyGH09hwybcvZoI7bRkPQLI9VB_ii/view?usp=drivesdk,
Surgery,notes,Makhan Lal Saha surgery.pdf,https://drive.google.com/file/d/1hubqDpB97yXoa4O-OtqqaD-UV3BKgCIA/view?usp=drivesdk,
Orthopedics,notes,XRAYS ORTHOPAEDICS,https://drive.google.com/file/d/1CwLHl4t8-6Kmo7iPnocPBo18Ad-B8oVX/view?usp=drivesdk,
Other,notes,general examination,https://drive.google.com/file/d/192Qqf228ddcixKD-QhdrXgt0_AjC0sER/view?usp=drivesdk,
ENT,notes,INSTRUMENTS DRUGS SPECIMENS,https://drive.google.com/file/d/1n0jb5C13JaV0xMhTmQkSElY77T28ao2x/view?usp=drivesdk,
Gynaecology&Obstetrics,notes,Obs case ,https://drive.google.com/file/d/1VZrGqcyQlxoIfW-KuBQV1uPe7C5JUzX_/view?usp=drivesdk,
Gynaecology&Obstetrics,notes,Obgy Instruments 211110 143003 (1),https://drive.google.com/file/d/1VypkvnEHh1kqukv5WWkNaLfctPKPO6c3/view?usp=drivesdk,
Other,notes,Bone;Muscle;Joint,https://drive.google.com/file/d/1vGKxchkqrZ_O_DDsnL6ytVNSIxVVhtdK/view?usp=drivesdk,
Other,notes,NITM Clinical Template Pack 1,https://drive.google.com/file/d/1vcxgAR5ugVeEsKXvQv3Off5QbTc5coVV/view?usp=drivesdk,
Other,notes,2019 IMCI CHART BOOKLET,https://drive.google.com/file/d/1-aPCdKa1-IYyRkz-pcCQunBff6RPkDCs/view?usp=drivesdk,
Other,notes,Protozology In One Page,https://drive.google.com/file/d/1TbXQoCJ7jtMSLoFNlZ7HNwNBrOsUPwdK/view?usp=drivesdk,
Other,notes,Symptom Analysis (Dr. Myint Myint Khin),https://drive.google.com/file/d/1_Bpr1QLPU-g1FRewSTibvRNZ40sRDWAI/view?usp=drivesdk,
Other,notes,Drug Charts,https://drive.google.com/file/d/1kGSvkHBqrIhOKcwlJHrqfYA5kQ3M0H1i/view?usp=drivesdk,
Pathology,notes,breast pathology ,https://drive.google.com/file/d/1-CXN3ntKZw5vBzyUIrq7olTQ1eWEAFYV/view?usp=drivesdk,
Other,notes,Sketchy Virology,https://drive.google.com/file/d/1BW5Kde4aKk2FoZunungBMKHMUnAEEiyj/view?usp=drivesdk,
Other,notes,Synopsis of otolaryngology By Gray Roger F 1946 pdfread.net,https://drive.google.com/file/d/1tvopF37Mu20w6VF9jnPw3SwGeAJs8D4s/view?usp=drivesdk,
Pharmacology,notes,Medicosis  Cardiac Pharmacology Course Outline ,https://drive.google.com/file/d/1L2aZcR8u7QqvQ3sVX8MLkGNDfH-CXkCL/view?usp=drivesdk,
Pathology,notes,Pathology 🔬,https://drive.google.com/file/d/1YdwLucIX-48JSBtdRCT7Ho9Lvt6Y6odO/view?usp=drivesdk,
Microbiology,notes,Microbiology 🧫  (3),https://drive.google.com/file/d/1_HF5NMubhtEyo6YgxDQngmadEXBzbP2r/view?usp=drivesdk,
Microbiology,notes,Microbiology 🧫  (2),https://drive.google.com/file/d/17i0zRXCCopn7jVrhBf_TUqMESmvOD_op/view?usp=drivesdk,
Microbiology,notes,Microbiology 🧫 ,https://drive.google.com/file/d/1SVurgoSMhSk4dLeePfoGWbWGGYGWXQe8/view?usp=drivesdk,
Pharmacology,notes,Pharma In 📦 ,https://drive.google.com/file/d/1PRsgSPPO11NzpeYaEjgIASzvHtUhdy7P/view?usp=drivesdk,
Gynaecology&Obstetrics,notes,OBGY instruments ,https://drive.google.com/file/d/1skn08I3LTgVK3VWRznQYAc5Teijw_47m/view?usp=drivesdk,
ENT,notes,Otorhinolaryngology Instruments,https://drive.google.com/file/d/12Qe73vsO69znf-iuH1abOR22627_WSAm/view?usp=drivesdk,
Orthopedics,notes,Orthopaedics Instruments + Splints + Tractions,https://drive.google.com/file/d/1HLr_VSGaZwnc4LwYfeB0lW1LToyHxbhR/view?usp=drivesdk,
ENT,notes,Surgery Instruments,https://drive.google.com/file/d/1SQoP8kkKzaUdNikQXqQmz2VJ4U4ZMxLY/view?usp=drivesdk,
Orthopedics,notes,bone tumor,https://drive.google.com/file/d/1QXpojkTemPj6wz3Rv01B0MQ-lVZnchnm/view?usp=drivesdk,
ENT,notes,ophthalmology instruments  (1),https://drive.google.com/file/d/13fzhTjPut9MATgrmEgtNUhSZRMMkwi7B/view?usp=drivesdk,
Pathology,notes,patho slides (2),https://drive.google.com/file/d/1EDyCQebayq-Lp3z_uxjx6cd-KKvE-7zC/view?usp=drivesdk,
,,,,
,,,,
Anatomy,quiz,CEREB Anatomy,https://naman679.github.io/mbbs-world/quizzes/CEREB_Anatomy.html,Other
Anaesthesia,quiz,CEREB Anesthesia,https://naman679.github.io/mbbs-world/quizzes/CEREB_Anesthesia.html,Other
Biochemistry,quiz,CEREB Biochemistry,https://naman679.github.io/mbbs-world/quizzes/CEREB_Biochemistry.html,Other
Other,quiz,CEREB BTR,https://naman679.github.io/mbbs-world/quizzes/CEREB_BTR.html,Other
Other,quiz,CEREB BTRs,https://naman679.github.io/mbbs-world/quizzes/CEREB_BTRs.html,Other
Dermatology,quiz,CEREB Dermatology,https://naman679.github.io/mbbs-world/quizzes/CEREB_Dermatology.html,Other
ENT,quiz,CEREB ENT,https://naman679.github.io/mbbs-world/quizzes/CEREB_ENT.html,Other
FMT,quiz,CEREB Forensic Medicine,https://naman679.github.io/mbbs-world/quizzes/CEREB_Forensic_Medicine.html,Other
Other,quiz,CEREB Grand Tests,https://naman679.github.io/mbbs-world/quizzes/CEREB_Grand_Tests.html,Other
Other,quiz,cereb g t,https://naman679.github.io/mbbs-world/quizzes/cereb_g_t.html,Other
Medicine,quiz,CEREB Medicine,https://naman679.github.io/mbbs-world/quizzes/CEREB_Medicine.html,Other
Microbiology,quiz,CEREB Microbiology,https://naman679.github.io/mbbs-world/quizzes/CEREB_Microbiology.html,Other
Gynaecology&Obstetrics,quiz,CEREB Obstetrics & Gynecology,https://naman679.github.io/mbbs-world/quizzes/CEREB_Obstetrics_&_Gynecology.html,Other
Ophthalmology,quiz,CEREB Ophthalmology,https://naman679.github.io/mbbs-world/quizzes/CEREB_Ophthalmology.html,
Orthopedics,quiz,CEREB Orthopedics,https://naman679.github.io/mbbs-world/quizzes/CEREB_Orthopedics.html,Other
Pathology,quiz,CEREB Pathology,https://naman679.github.io/mbbs-world/quizzes/CEREB_Pathology.html,Other
Pediatrics,quiz,CEREB Pediatrics,https://naman679.github.io/mbbs-world/quizzes/CEREB_Pediatrics.html,Other
Pharmacology,quiz,CEREB Pharmacology,https://naman679.github.io/mbbs-world/quizzes/CEREB_Pharmacology.html,Other
Physiology,quiz,CEREB Physiology,https://naman679.github.io/mbbs-world/quizzes/CEREB_Physiology.html,Other
PSM,quiz,CEREB Preventive & Social Medicine,https://naman679.github.io/mbbs-world/quizzes/CEREB_Preventive_&_Social_Medicine.html,Other
Other,quiz,CEREB previous year tests,https://naman679.github.io/mbbs-world/quizzes/CEREB_previous_year_tests.html,Other
Psychiatry,quiz,CEREB Psychiatry,https://naman679.github.io/mbbs-world/quizzes/CEREB_Psychiatry.html,Other
Radiology,quiz,CEREB Radiology,https://naman679.github.io/mbbs-world/quizzes/CEREB_Radiology.html,Other
Surgery,quiz,CEREB Surgery,https://naman679.github.io/mbbs-world/quizzes/CEREB_Surgery.html,Other
Other,quiz,DAMS CT FMGE,https://naman679.github.io/mbbs-world/quizzes/DAMS_CT_FMGE.html,Other
Other,quiz,DAMS CT MBBS,https://naman679.github.io/mbbs-world/quizzes/DAMS_CT_MBBS.html,Other
Other,quiz,DAMS CT NEETPG,https://naman679.github.io/mbbs-world/quizzes/DAMS_CT_NEETPG.html,Other
Other,quiz,DAMS DVT Test,https://naman679.github.io/mbbs-world/quizzes/DAMS_DVT_Test.html,Other
Other,quiz,DAMS FMGE Mock,https://naman679.github.io/mbbs-world/quizzes/DAMS_FMGE_Mock.html,Other
Other,quiz,DAMS Grand Test 1 30,https://naman679.github.io/mbbs-world/quizzes/DAMS_Grand_Test_1-30.html,Other
Other,quiz,DAMS Grand Test 30+,https://naman679.github.io/mbbs-world/quizzes/DAMS_Grand_Test_30+.html,Other
Other,quiz,DAMS Grand Test old,https://naman679.github.io/mbbs-world/quizzes/DAMS_Grand_Test_old.html,Other
Other,quiz,DAMS INICET Mock,https://naman679.github.io/mbbs-world/quizzes/DAMS_INICET_Mock.html,Other
Other,quiz,DAMS MIQ,https://naman679.github.io/mbbs-world/quizzes/DAMS_MIQ.html,Other
Other,quiz,DAMS Mock Test,https://naman679.github.io/mbbs-world/quizzes/DAMS_Mock_Test.html,Other
Other,quiz,DAMS NEETPG Mock,https://naman679.github.io/mbbs-world/quizzes/DAMS_NEETPG_Mock.html,Other
Other,quiz,DAMS Previous Year Paper,https://naman679.github.io/mbbs-world/quizzes/DAMS_Previous_Year_Paper.html,Other
Other,quiz,DAMS Subject Test,https://naman679.github.io/mbbs-world/quizzes/DAMS_Subject_Test.html,Other
Other,quiz,DAMS SWT Revision,https://naman679.github.io/mbbs-world/quizzes/DAMS_SWT_Revision.html,Other
Other,quiz,DAMS Transform 10X,https://naman679.github.io/mbbs-world/quizzes/DAMS_Transform_10X.html,Other
Other,quiz,DQB AIIMS 2014 2018,https://naman679.github.io/mbbs-world/quizzes/DQB_AIIMS_2014-2018.html,Other
Anatomy,quiz,DQB Anatomy,https://naman679.github.io/mbbs-world/quizzes/DQB_Anatomy.html,Other
Anaesthesia,quiz,DQB Anesthesia,https://naman679.github.io/mbbs-world/quizzes/DQB_Anesthesia.html,Other
Biochemistry,quiz,DQB Biochemistry,https://naman679.github.io/mbbs-world/quizzes/DQB_Biochemistry.html,Other
Dermatology,quiz,DQB Dermatology,https://naman679.github.io/mbbs-world/quizzes/DQB_Dermatology.html,Other
ENT,quiz,DQB ENT,https://naman679.github.io/mbbs-world/quizzes/DQB_ENT.html,Other
Other,quiz,DQB FMGE PYQ,https://naman679.github.io/mbbs-world/quizzes/DQB_FMGE_PYQ.html,Other
FMT,quiz,DQB FMT,https://naman679.github.io/mbbs-world/quizzes/DQB_FMT.html,Other
Gynaecology&Obstetrics,quiz,DQB Gynaecology,https://naman679.github.io/mbbs-world/quizzes/DQB_Gynaecology.html,Other
,,,,
,,,✅ Playlist Imported,
,,,✅ Folder Imported,
Other,quiz,DQB INICET PYQ,https://naman679.github.io/mbbs-world/quizzes/DQB_INICET_PYQ.html,Other
Medicine,quiz,DQB Medicine,https://naman679.github.io/mbbs-world/quizzes/DQB_Medicine.html,Other
Microbiology,quiz,DQB Microbiology,https://naman679.github.io/mbbs-world/quizzes/DQB_Microbiology.html,Other
Other,quiz,DQB NEETPG PYQ,https://naman679.github.io/mbbs-world/quizzes/DQB_NEETPG_PYQ.html,Other
Gynaecology&Obstetrics,quiz,DQB Obstetrics,https://naman679.github.io/mbbs-world/quizzes/DQB_Obstetrics.html,Other
Ophthalmology,quiz,DQB Ophthalmology,https://naman679.github.io/mbbs-world/quizzes/DQB_Ophthalmology.html,Other
Orthopedics,quiz,DQB Orthopaedics,https://naman679.github.io/mbbs-world/quizzes/DQB_Orthopaedics.html,Other
Pathology,quiz,DQB Pathology,https://naman679.github.io/mbbs-world/quizzes/DQB_Pathology.html,Other
Pediatrics,quiz,DQB Pediatrics,https://naman679.github.io/mbbs-world/quizzes/DQB_Pediatrics.html,Other
Pharmacology,quiz,DQB Pharmacology,https://naman679.github.io/mbbs-world/quizzes/DQB_Pharmacology.html,Other
Physiology,quiz,DQB Physiology,https://naman679.github.io/mbbs-world/quizzes/DQB_Physiology.html,Other
PSM,quiz,DQB PSM,https://naman679.github.io/mbbs-world/quizzes/DQB_PSM.html,Other
Psychiatry,quiz,DQB Psychiatry,https://naman679.github.io/mbbs-world/quizzes/DQB_Psychiatry.html,Other
Radiology,quiz,DQB Radiology,https://naman679.github.io/mbbs-world/quizzes/DQB_Radiology.html,Other
Surgery,quiz,DQB Surgery,https://naman679.github.io/mbbs-world/quizzes/DQB_Surgery.html,Other
Other,quiz,DQB UPSC CMS PYQs,https://naman679.github.io/mbbs-world/quizzes/DQB_UPSC_CMS_PYQs.html,Other
,,,,
Anaesthesia,quiz,prepx Anaesthesia,https://naman679.github.io/mbbs-world/quizzes/prepx_Anaesthesia.html,Prepladder
Anatomy,quiz,prepx Anatomy,https://naman679.github.io/mbbs-world/quizzes/prepx_Anatomy.html,Prepladder
Biochemistry,quiz,prepx Biochemistry,https://naman679.github.io/mbbs-world/quizzes/prepx_Biochemistry.html,Prepladder
Dermatology,quiz,prepx Dermatology,https://naman679.github.io/mbbs-world/quizzes/prepx_Dermatology.html,Prepladder
ENT,quiz,prepx ENT,https://naman679.github.io/mbbs-world/quizzes/prepx_ENT.html,Prepladder
FMT,quiz,prepx Forensic Medicine,https://naman679.github.io/mbbs-world/quizzes/prepx_Forensic_Medicine.html,Prepladder
Gynaecology&Obstetrics,quiz,prepx Gynaecology   Obstetrics,https://naman679.github.io/mbbs-world/quizzes/prepx_Gynaecology___Obstetrics.html,Prepladder
Medicine,quiz,prepx Medicine,https://naman679.github.io/mbbs-world/quizzes/prepx_Medicine.html,Prepladder
Microbiology,quiz,prepx Microbiology,https://naman679.github.io/mbbs-world/quizzes/prepx_Microbiology.html,Prepladder
Ophthalmology,quiz,prepx Ophthalmology,https://naman679.github.io/mbbs-world/quizzes/prepx_Ophthalmology.html,Prepladder
Orthopedics,quiz,prepx Orthopaedics,https://naman679.github.io/mbbs-world/quizzes/prepx_Orthopaedics.html,Prepladder
Pathology,quiz,prepx Pathology,https://naman679.github.io/mbbs-world/quizzes/prepx_Pathology.html,Prepladder
Pediatrics,quiz,prepx Pediatrics,https://naman679.github.io/mbbs-world/quizzes/prepx_Pediatrics.html,Prepladder
Pharmacology,quiz,prepx Pharmacology,https://naman679.github.io/mbbs-world/quizzes/prepx_Pharmacology.html,Prepladder
Physiology,quiz,prepx Physiology,https://naman679.github.io/mbbs-world/quizzes/prepx_Physiology.html,Prepladder
PSM,quiz,prepx PSM,https://naman679.github.io/mbbs-world/quizzes/prepx_PSM.html,Prepladder
Psychiatry,quiz,prepx Psychiatry,https://naman679.github.io/mbbs-world/quizzes/prepx_Psychiatry.html,Prepladder
Radiology,quiz,prepx Radiology,https://naman679.github.io/mbbs-world/quizzes/prepx_Radiology.html,Prepladder
Surgery,quiz,prepx Surgery,https://naman679.github.io/mbbs-world/quizzes/prepx_Surgery.html,Prepladder
Anaesthesia,quiz,Prep RR Qb Anaesthesia,https://naman679.github.io/mbbs-world/quizzes/Prep_RR_Qb_Anaesthesia.html,Prepladder
Anatomy,quiz,Prep RR Qb Anatomy,https://naman679.github.io/mbbs-world/quizzes/Prep_RR_Qb_Anatomy.html,Prepladder
Biochemistry,quiz,Prep RR Qb Biochemistry,https://naman679.github.io/mbbs-world/quizzes/Prep_RR_Qb_Biochemistry.html,Prepladder
Dermatology,quiz,Prep RR Qb Dermatology,https://naman679.github.io/mbbs-world/quizzes/Prep_RR_Qb_Dermatology.html,Prepladder
ENT,quiz,Prep RR Qb ENT,https://naman679.github.io/mbbs-world/quizzes/Prep_RR_Qb_ENT.html,Prepladder
FMT,quiz,Prep RR Qb Forensic Medicine,https://naman679.github.io/mbbs-world/quizzes/Prep_RR_Qb_Forensic_Medicine.html,Prepladder
Gynaecology&Obstetrics,quiz,Prep RR Qb Gynaecology   Obstetrics,https://naman679.github.io/mbbs-world/quizzes/Prep_RR_Qb_Gynaecology___Obstetrics.html,Prepladder
Medicine,quiz,Prep RR Qb Medicine,https://naman679.github.io/mbbs-world/quizzes/Prep_RR_Qb_Medicine.html,Prepladder
Microbiology,quiz,Prep RR Qb Microbiology,https://naman679.github.io/mbbs-world/quizzes/Prep_RR_Qb_Microbiology.html,Prepladder
 Ophthalmology,quiz,Prep RR Qb Ophthalmology,https://naman679.github.io/mbbs-world/quizzes/Prep_RR_Qb_Ophthalmology.html,Prepladder
Orthopedics,quiz,Prep RR Qb Orthopaedics,https://naman679.github.io/mbbs-world/quizzes/Prep_RR_Qb_Orthopaedics.html,Prepladder
Pathology,quiz,Prep RR Qb Pathology,https://naman679.github.io/mbbs-world/quizzes/Prep_RR_Qb_Pathology.html,Prepladder
Pediatrics,quiz,Prep RR Qb Pediatrics,https://naman679.github.io/mbbs-world/quizzes/Prep_RR_Qb_Pediatrics.html,Prepladder
Pharmacology,quiz,Prep RR Qb Pharmacology,https://naman679.github.io/mbbs-world/quizzes/Prep_RR_Qb_Pharmacology.html,Prepladder
Physiology,quiz,Prep RR Qb Physiology,https://naman679.github.io/mbbs-world/quizzes/Prep_RR_Qb_Physiology.html,Prepladder
PSM,quiz,Prep RR Qb PSM,https://naman679.github.io/mbbs-world/quizzes/Prep_RR_Qb_PSM.html,Prepladder
Psychiatry,quiz,Prep RR Qb Psychiatry,https://naman679.github.io/mbbs-world/quizzes/Prep_RR_Qb_Psychiatry.html,Prepladder
Radiology,quiz,Prep RR Qb Radiology,https://naman679.github.io/mbbs-world/quizzes/Prep_RR_Qb_Radiology.html,Prepladder
Surgery,quiz,Prep RR Qb Surgery,https://naman679.github.io/mbbs-world/quizzes/Prep_RR_Qb_Surgery.html,Prepladder
Other,quiz,prep tests combined,https://naman679.github.io/mbbs-world/quizzes/prep_tests_combined.html,Prepladder
Other,quiz,previous papers inicet aiims,https://naman679.github.io/mbbs-world/quizzes/previous_papers_inicet-aiims.html,Other
Other,quiz,previous papers neet pg papers,https://naman679.github.io/mbbs-world/quizzes/previous_papers_neet_pg_papers.html,Other
Other,quiz,previous papers  fmge papers,https://naman679.github.io/mbbs-world/quizzes/previous_papers__fmge_papers.html,Other
,,,,
,,,✅ Playlist Imported,
Ophthalmology,video,1 how to approach opthalmology,https://youtu.be/8cB2OYUNdgM,
Ophthalmology,video,"2 anatomy of eye , layer, structure of eyeball and anatomy of cornea",https://youtu.be/_n0VNzJnUgc,
Ophthalmology,video,"3 anatomy of eye   sclera and its pathologies , limbus and ocular routes of drug administration",https://youtu.be/6JkCx9n5YH4,
Ophthalmology,video,"4 anatomy of eye   middle layer of eyeball , horner syndrome and accomodation with its anomalies",https://youtu.be/FTJnssxD0g8,
Ophthalmology,video,"5 anatomy of eye   innermost layer , blood suppy of eye and embryology of eye",https://youtu.be/GFuHMjGn51E,
Ophthalmology,video,6 neuro opthal visual pathway and visual field defect,https://youtu.be/wHtE-PowDOc,
Ophthalmology,video,"7 neuro ophtha pupillary reflex ,light reflex pathway and lesion",https://youtu.be/oYbzON07gcc,
Ophthalmology,video,8 neuro opthal atrophy,https://youtu.be/YAGSasxBJtE,
Ophthalmology,video,9 neuro opthal colour blindness and congenital anomalies,https://youtu.be/SPKqtrSZWl4,
Ophthalmology,video,10 paralytic squint and gaze palsy,https://youtu.be/vckC5PNrDcU,
Ophthalmology,video,11 squint,https://youtu.be/oBGqTCYHVEc,
Ophthalmology,video,12 squint investigation and test,https://youtu.be/9xA3N7KSZN0,
Ophthalmology,video,13 squint types,https://youtu.be/HTA1GGFi2K0,
Ophthalmology,video,14 lens anatomy and metabolism,https://youtu.be/k3QY9lNSnqk,
Ophthalmology,video,15 lens acquired cataract,https://youtu.be/YeIcKBxqDGw,
Ophthalmology,video,16 lens cataract surgery and complication,https://youtu.be/rwfiRX1CT2E,
Ophthalmology,video,"17 lens congenital cataract,ectopia lentis",https://youtu.be/vsp-9a77x8U,
Ophthalmology,video,18 glaucoma investigaion,https://youtu.be/A2B3PWPz8QY,
Ophthalmology,video,20 glaucoma open angle and angle closure,https://youtu.be/36Z63hoiX2w,
Ophthalmology,video,21 glaucoma secondary and congenital,https://youtu.be/NdCATCFMbxU,
Ophthalmology,video,22 optics test for vision and normal optics of eye,https://youtu.be/OnC4z-3chJY,
Ophthalmology,video,23 optics myopia and hypermetropia,https://youtu.be/DuivlkdRc5U,
Ophthalmology,video,"24 optics astigmatism,test for refraction",https://youtu.be/G_9AK0ns1x0,
Ophthalmology,video,25 retina anatomy and investigation,https://youtu.be/xptFEbI7sq8,
Ophthalmology,video,26 retina retinablastoma and macular edema,https://youtu.be/vMOmyNnblDo,
Ophthalmology,video,27 retina dystrophies and fundus,https://youtu.be/GRcjmH1e_tg,
Ophthalmology,video,28 retina vascular disorder,https://youtu.be/qxj3MghoMoA,
Ophthalmology,video,29 retina vascular disease,https://youtu.be/1LHOujjeA9I,
Ophthalmology,video,31 cornea special investigation,https://youtu.be/PrHpfQ8_Jf0,
Ophthalmology,video,32 corneal ulcer & keratities,https://youtu.be/hJi90WizqLE,
Ophthalmology,video,"33 corneal dystrophies ,keratoconus",https://youtu.be/vcoNPPC8J8U,
Ophthalmology,video,34 uvea anterior uveities,https://youtu.be/j0fX8fbRJUw,
Ophthalmology,video,"35 uvea intermediate , posterior , pan uveities",https://youtu.be/yHSPQHHI2No,
Ophthalmology,video,36 conjuctiva anatomy and its type,https://youtu.be/43M97F-lZZE,
Ophthalmology,video,37 eyelid anatomy,https://youtu.be/DWorgp0wS9c,
Ophthalmology,video,38 orbit,https://youtu.be/wiQcF1akLXQ,
Ophthalmology,video,39 ocular trauma,https://youtu.be/Tw02Rbmib3I,
Ophthalmology,video,40 lacrimal apparatus,https://youtu.be/IwoCl3IQwQE,
Ophthalmology,video,41 community opthalmology,https://youtu.be/tt92apaQW4A,
,,,,
,,,✅ Playlist Imported,
Forensic Medicine,video,1 HOW TO APPROACH FMT,https://youtu.be/5ssakFfxVgU,
Forensic Medicine,video,2 INDIAN LEGAL SYSTEM PART 1,https://youtu.be/NLIRmhxRhHY,
Forensic Medicine,video,3 INDIAN LEGAL SYSTEM PART 2,https://youtu.be/3PQFDuHMptM,
Forensic Medicine,video,4 MEDICAL ETHICS AND LAW,https://youtu.be/cqnzQVdsYwg,
Forensic Medicine,video,5 MEDICAL NEGLIGENCE,https://youtu.be/nNiUTw-7ITA,
Forensic Medicine,video,6 CONSENT IN MEDICAL PRACTICE,https://youtu.be/zEA9f8LFK3Y,
Forensic Medicine,video,7 MECHANICAL INJURY PART 1,https://youtu.be/Od3eeTQ3DqY,
Forensic Medicine,video,8 MECHANICAL INJURIES PART 2,https://youtu.be/HWhuhT4b6Yo,
Forensic Medicine,video,9 REGIONAL INJURIES,https://youtu.be/Bb3C8dZGx2k,
Forensic Medicine,video,10 THERMAL INJURIES,https://youtu.be/YQWYuNnQmjE,
Forensic Medicine,video,11 PROXIMAL BALLISTICS,https://youtu.be/Xv3BRME2bfE,
Forensic Medicine,video,12 INTERMEDIATE AND TERMINAL BALLISTICS,https://youtu.be/kXWwQeRyY6c,
Forensic Medicine,video,"13 ELECTRICAL INJURIES ,EXPLOSION INJURY AND TORTURE METHOD",https://youtu.be/V6GaubpQvqA,
Forensic Medicine,video,14 TRANSPORTATION INJURY,https://youtu.be/wX0NzOc50Vo,
Forensic Medicine,video,15 AUTOPSY PROCEDURE,https://youtu.be/X3QXdqJAqSM,
Forensic Medicine,video,16 EARLY POSTEMORTEN CHANGES,https://youtu.be/w-J0OeVR678,
Forensic Medicine,video,17 LATE POSTMORTEM CHANGES,https://youtu.be/F9ZyL4k5c4g,
Forensic Medicine,video,18 ASPHYXIAL DEATH PART 1,https://youtu.be/zNoyVe-BMCc,
Forensic Medicine,video,19 ASPHYXIAL DEATH PART 2,https://youtu.be/z7VAhK7aLkk,
Forensic Medicine,video,20 HUMAN IDENTIFICATION PART 1,https://youtu.be/8oQFek6Dvnk,
Forensic Medicine,video,21 HUMAN IDENTIFICATION PART 2,https://youtu.be/5b-1LSdnM78,
Forensic Medicine,video,22 HUMAN IDENTIFICATION PART 3,https://youtu.be/Eb_imLmOAIE,
Forensic Medicine,video,"23 IMPOTENCE, VIRGINITY, DELIVERY, ABORTION",https://youtu.be/kn3RMmDz5CQ,
Forensic Medicine,video,24 INFANT DEATH AND CHILD ABUSE,https://youtu.be/txllOi1XnXA,
Forensic Medicine,video,25 SEXUAL OFFENCES,https://youtu.be/ldXFxHFKigc,
Forensic Medicine,video,26 GENERAL TOXICOLOGY,https://youtu.be/PFI18Bhtxlo,
Forensic Medicine,video,27 DUTIES OF DOCTOR IN CASE OF POISONING,https://youtu.be/D12b218YtPE,
Forensic Medicine,video,28 CORROSIVE POISON,https://youtu.be/tckdZMlm6N8,
Forensic Medicine,video,29 METALLIC AND NON METALLIC IRRITANT,https://youtu.be/5jPesJyia30,
Forensic Medicine,video,30 ANIMAL AND PLANT IRRITANT,https://youtu.be/o0KTRoYoSsc,
Forensic Medicine,video,31 NEUROTOXIC POISON DELIRIANTS,https://youtu.be/h985RSyxjGU,
Forensic Medicine,video,32 NEUROTOXIC POISON INEBRIANTS,https://youtu.be/vc3l9HAsfEc,
Forensic Medicine,video,33 NEUTOTOXIC POISION SOMNIFEROUS AND SPINAL POISON,https://youtu.be/d6HjBeaaQSI,
Forensic Medicine,video,34 ASPHYXIANTS AND CARDIAC POISON,https://youtu.be/C3wnwflDr_4,
Forensic Medicine,video,35 AGRICULTURAL POISON,https://youtu.be/ka1cQJatO-8,
Forensic Medicine,video,36 FORENSIC PSYCHIATRY,https://youtu.be/aD0rtiTLe6g,
Forensic Medicine,video,37 TRACE EVIDENCE,https://youtu.be/vBZz551M7i4,
Forensic Medicine,video,38 ACTION AND LEGAL SECTION IMPORTANCE,https://youtu.be/lKHMFW8JGZg,
,,,,
,,,✅ Playlist Imported,
Orthopedics,video,01   How to approach Orthopaedics,https://youtu.be/7OdUis5dpwo,
Orthopedics,video,02   Basics   Histology and Physiology of bone,https://youtu.be/PZUf29wyZCk,
Orthopedics,video,03   Basics   Fracture and Healing,https://youtu.be/GtoUszjxUzc,
Orthopedics,video,04   Open fracture Amputations and Polytrauma,https://youtu.be/_NRHkiC-UUM,
Orthopedics,video,05   Metabolic bone disease Part 1,https://youtu.be/4Dfck3tr3jU,
Orthopedics,video,06   Metabolic bone disease Part 2,https://youtu.be/uJrFQFeQnJM,
Orthopedics,video,07  Upper limb trauma   Clavicle and Shoulder,https://youtu.be/_1QwDpG8sNE,
Orthopedics,video,08   Upper limb trauma   Arm and Elbow,https://youtu.be/gPaZTBvDmos,
Orthopedics,video,09   Upper limb trauma   Forearm Wrist and Hand,https://youtu.be/cGr3NrgmN7E,
Orthopedics,video,10   Lower limb trauma Part 1,https://youtu.be/2RGOBux83NI,
Orthopedics,video,11   Lower limb trauma Part 2,https://youtu.be/NKSE7RymBJs,
Orthopedics,video,12   Sports injuries,https://youtu.be/oax_xket2yA,
Orthopedics,video,13   Regional conditions Tuberculosis etc,https://youtu.be/ADaYzPZf5ew,
Orthopedics,video,14   Nerve injuries   Peripheral nerves,https://youtu.be/f1drsco20qA,
Orthopedics,video,15   Nerve injuries Part 1,https://youtu.be/Z4eFCAV-ymA,
Orthopedics,video,16   Nerve injuries Part 2,https://youtu.be/Ik16GsD4pW8,
Orthopedics,video,17   Bone tumors Part 1,https://youtu.be/qg-4RR8StJs,
Orthopedics,video,18   Bone tumor Part 2,https://youtu.be/CQj0gTqEDY4,
Orthopedics,video,19   Orthopedic infections   Pyogenic,https://youtu.be/fv3WVfLR26I,
Orthopedics,video,20   Orthopedic infections   Tuberculosis,https://youtu.be/plSTOBPdvkM,
Orthopedics,video,21   Paediatric Orthopaedics Part 1,https://youtu.be/kPlwiWv_FOc,
Orthopedics,video,22   Paediatric Orthopaedics Part 2,https://youtu.be/dXMyr8cJr0U,
Orthopedics,video,23   Paediatric Orthopaedics Part 3,https://youtu.be/PwSQNhsClkY,
Orthopedics,video,24   Paediatric Orthopaedics Mcq,https://youtu.be/5crFZcyulsc,
Orthopedics,video,25   AVN and Osteochondritis,https://youtu.be/6PYLxr7utec,
Orthopedics,video,26   Spine Part 1,https://youtu.be/Q-lTQgR-xsE,
Orthopedics,video,27   Spine Part 2,https://youtu.be/TNmqt8BOqqY,
Orthopedics,video,28   Joint disorder Part 1,https://youtu.be/7zvuWgI24hU,
Orthopedics,video,29   Joint disorder Part 2,https://youtu.be/FRZ4RdynoF4,
,,,✅ Playlist Imported,
Medicine,video,02  Heart Sounds Part 1,https://youtu.be/s8sCGQSssKY,
Medicine,video,03  Heart Sounds Part 2,https://youtu.be/M0mULk-Bigw,
Medicine,video,04  Heart Sounds Part 3,https://youtu.be/gbAhDX3hyPw,
Medicine,video,05  Mitral Valve Prolapse,https://youtu.be/0G2n45976ac,
Medicine,video,06  Mitral Regurgitation,https://youtu.be/8AVvApu1Lk0,
Medicine,video,07  Aortic Stenosis,https://youtu.be/580bmV2RSO0,
Medicine,video,08  Aortic Regurgitation,https://youtu.be/P69OCMwYJCI,
Medicine,video,09  Tricuspid Stenosis,https://youtu.be/aIZbqknf07E,
Medicine,video,"10  Tricuspid Regurgitation, Pulmonic Stenosis and Pulmonic",https://youtu.be/CA7AjXwsQp4,
Medicine,video,11  Murmurs,https://youtu.be/8qQTc3XkhwQ,
Medicine,video,12  Takotsubo Cardiomyopathies and Brugada Syndrome,https://youtu.be/Bg4oJX_GZ7I,
Medicine,video,13 ECG and Arrhythmias,https://youtu.be/HLB-i7T3QXk,
Medicine,video,14  ECG Changes in Hypokalemia & Hyperkalemia,https://youtu.be/xABsiuHKpTM,
Medicine,video,15  Ischemic Heart Disease Part 1,https://youtu.be/WbT92QVXrBk,
Medicine,video,16  Ischemic Heart Disease Part 2,https://youtu.be/5G_1ZwR9tNo,
Medicine,video,17  Symptomatic Bradycardia with a Pulse,https://youtu.be/FPZOoBB7ip4,
Medicine,video,18  Congenital Heart Disease,https://youtu.be/01Q2Jjx4gZI,
Medicine,video,19  Metabolic Syndrome X and Syndrome Z,https://youtu.be/SjAHYAMkEMY,
Medicine,video,20  Hypertension,https://youtu.be/zHBgJLVkoAk,
Medicine,video,21  Diseases of Pericardium,https://youtu.be/AsFosNFoUyY,
Medicine,video,22  Congestive Heart Failure,https://youtu.be/_SldIOx6TDg,
Medicine,video,23  Bundle Branch Block,https://youtu.be/KziW0pTjnWY,
Medicine,video,24  Rheumatic Heart Disease,https://youtu.be/2TO-9KR7uYk,
Medicine,video,25  Infective Endocarditis,https://youtu.be/EnKQBgIIvp0,
Medicine,video,26  Cardiomyopathy,https://youtu.be/-7y10DkqLvY,
Medicine,video,27  Multifocal Atrial Tachycardia,https://youtu.be/VFxBGoC_szU,
Medicine,video,28  Cardiology Image Based Question,https://youtu.be/GyWVEQEOy5A,
Medicine,video,29  Basic Life Support,https://youtu.be/Ngk-obk8-TY,
Medicine,video,30  Pulseless Electrical Activity,https://youtu.be/PhNxZ9VClfg,
Medicine,video,31  Advanced Cardiac Life Support,https://youtu.be/0Ez_6jphCZA,
Medicine,video,32  Mechanical Ventilation,https://youtu.be/3tzcqa22yK8,
Medicine,video,33  Massive Transfusion Protocol,https://youtu.be/iV1sCGYoweo,
Medicine,video,34  ARDS,https://youtu.be/_Iz_Z1TWLJg,
Medicine,video,35  Snake Bite,https://youtu.be/4loIhcFjB7A,
Medicine,video,36  High Altitude Pulmonary Edema,https://youtu.be/VcOU9UC6U-s,
Medicine,video,37  Diabetes Mellitus Part 1,https://youtu.be/GzsO_1BAoVs,
Medicine,video,38  Diabetes Mellitus Part 2,https://youtu.be/qTejW_ZEsys,
Medicine,video,39  Diabetic Ketoacidosis and Hyperosmolar Coma,https://youtu.be/2em0uJljOgs,
Medicine,video,40  Diseases of Adrenal Gland,https://youtu.be/M8-oIPVmDAg,
Medicine,video,41  Cushing Syndrome,https://youtu.be/s3LmIH2cl1A,
Medicine,video,42  Diseases of Thyroid,https://youtu.be/kdcU7bNOgfo,
Medicine,video,43  Pancreatic Neuroendocrine Tumors,https://youtu.be/p0dDXQEyeTs,
Medicine,video,44  Disorders of Parathyroid Gland,https://youtu.be/72-C1F9nv1Q,
Medicine,video,45  Multiple Endocrine Neoplasia,https://youtu.be/RA6AJI0Qp00,
Medicine,video,46  Diseases of Anterior Pituitary,https://youtu.be/2BgEKOs_kJE,
Medicine,video,47  Endocrinology Image Based Questions,https://youtu.be/fuE5F3KqicM,
Medicine,video,48  Electrolyte Imbalances,https://youtu.be/uKEaVNhjs6U,
Medicine,video,"49  Bartter Syndrome, Gitelman Syndrome, Liddle Syndrome an",https://youtu.be/nMyrEYFsLsQ,
Medicine,video,50  Ciliopathies,https://youtu.be/F-XVyOcI8qc,
Medicine,video,51  Polycystic Kidney Disease,https://youtu.be/EUY9cdygjfs,
Medicine,video,52  Thrombotic Thrombocytopenic Purpura,https://youtu.be/uGvK5_1opM0,
Medicine,video,53  Kidney Urine analysis,https://youtu.be/aulOSEFCdE4,
Medicine,video,54 Acute kidney injury,https://youtu.be/pV3ImRDwea4,
Medicine,video,55 Chronic Kidney injury,https://youtu.be/7I66UpwjCv4,
Medicine,video,56  Kidney Stone,https://youtu.be/quOIHKwDTRM,
Medicine,video,57  Renal Tubular Acidosis,https://youtu.be/Z7a3CUIZy7Y,
Medicine,video,58   Nephrotic and nephritic syndrome,https://youtu.be/DjZ6D1Z6iyM,
Medicine,video,59  Renal Artery Stenosis,https://youtu.be/PSdEU2DWoCs,
Medicine,video,60  GI Bleeding,https://youtu.be/c15ciSr_xXo,
Medicine,video,61  Peptic Ulcer Disease,https://youtu.be/VmP6ysYyvMU,
Medicine,video,62  Zollinger Ellison Syndrome,https://youtu.be/f7jJFeGoM74,
Medicine,video,63  Malabsorption Syndrome,https://youtu.be/792VWzWdFJc,
Medicine,video,64  Inflammatory Bowel Disease,https://youtu.be/HzI3NxcPzsg,
Medicine,video,65  Irritable Bowel Syndrome,https://youtu.be/yQS7cZsvIqo,
Medicine,video,66  Chronic Lymphocytic Leukemia,https://youtu.be/VkIzcIlJuGI,
Medicine,video,67  Chronic Myeloid Leukemia,https://youtu.be/7-8XWVMGAHc,
Medicine,video,68  Acute Myeloid Leukemia,https://youtu.be/L0-EhCxqDRk,
Medicine,video,69  Acute Lymphoblastic Leukemia,https://youtu.be/4FoznO43zXg,
Medicine,video,70  Multiple Myeloma,https://youtu.be/KO4d2x3_JnU,
Medicine,video,71  Blood Components,https://youtu.be/QLj8f_dDu34,
Medicine,video,72  Complications of Blood Transfusion,https://youtu.be/GwYG4vQ79CU,
Medicine,video,73 Hodgkins and Non Hodgkins Lymphoma,https://youtu.be/3CyNLbap_KI,
Medicine,video,74  Thalassemia,https://youtu.be/TMFGpthxMgM,
Medicine,video,"75  Sickle Cell Disease, G 6PD Deficiency and Other Hemolyt",https://youtu.be/HA3aqNu6YuU,
Medicine,video,76  Sideroblastic Anemia,https://youtu.be/O__7VQ0vFwk,
Medicine,video,77  Platelet Disorders,https://youtu.be/yJLSS3RyBH8,
Medicine,video,78  Stroke,https://youtu.be/SmPabRBVMOU,
Medicine,video,79  Headache and Migraine,https://youtu.be/xX-4J_-of6M,
Medicine,video,80  Epilepsy and EEG,https://youtu.be/X_D5Wyzxa6U,
Medicine,video,81  Raised ICP and Brain Death,https://youtu.be/IOownejnhQw,
Medicine,video,82  Intracranial Space Occupying Lesion,https://youtu.be/7p1TatRPSi0,
Medicine,video,83  Meningitis Part 1,https://youtu.be/jIAYnmJfFcE,
Medicine,video,84  Meningitis Part 2,https://youtu.be/ucnDTa41TIM,
Medicine,video,85  Parkinsonism and Parkinsons Disease,https://youtu.be/92yDmLs45uM,
Medicine,video,86  Myasthenia Gravis,https://youtu.be/KINh1m_K7Hk,
Medicine,video,87  Guillian Barre Syndrome,https://youtu.be/O3Al_Bb--oU,
Medicine,video,88  Alzheimer's Disease,https://youtu.be/GpeO9OqDPr8,
Medicine,video,89  Multiple Sclerosis,https://youtu.be/W36JkiU-zDU,
Medicine,video,90  Neuromyelitis Optica Spectrum Disorder,https://youtu.be/F3ULmYenbaU,
Medicine,video,91  Amyotrophic Lateral Sclerosis and Motor Neuron Disease,https://youtu.be/KpX8Sx-KzLw,
Medicine,video,92  Syringomelia and Conus Medullaris Syndrome,https://youtu.be/8JWogXqFUGM,
Medicine,video,93  Channelopathies,https://youtu.be/laCzhW-IOT0,
Medicine,video,94  Subarachnoid Hemorrhage,https://youtu.be/YdWz7cyCqq0,
Medicine,video,95  Transient Ischemic Attack and Stroke Interventions,https://youtu.be/ULPOMRWMsX8,
Medicine,video,96  Neurocysticercosis and Brain Tumors,https://youtu.be/DruNAcoSmtI,
Medicine,video,97  Intracranial Hemorrhage,https://youtu.be/Zj5PQft0F0g,
Medicine,video,98  Systemic Lupus Erythematosus,https://youtu.be/cqbIrVyxrrs,
Medicine,video,99  Rheumatoid Arthritis,https://youtu.be/bNfYNaLtb7E,
Medicine,video,100 Crystal arthropathy,https://youtu.be/182ajCm4xKw,
Medicine,video,101 Vasculitis,https://youtu.be/MUAC5Qhka9Q,
Medicine,video,102 Scleroderma sjogren s syndrome,https://youtu.be/VocfCE3KUYI,
Medicine,video,103 Sarcoidosis,https://youtu.be/1u-cMlxTNow,
Medicine,video,104  IgG4 Related Disease,https://youtu.be/h57a8KvvTCk,
Medicine,video,105  Axial Spondyloarthritis,https://youtu.be/v9ZucZt53Ag,
Medicine,video,106  Hepatitis B,https://youtu.be/qpUe3XaMcnc,
Medicine,video,107  Hepatitis C D and Fulminant Hepatic Failure,https://youtu.be/HVOpcGYRffI,
Medicine,video,108  Hepatorenal Syndrome and Hepatopulmonary Syndrome,https://youtu.be/WE0OyZ8DvUw,
Medicine,video,109  Autoimmune Hepatitis,https://youtu.be/O44OVVHxRVk,
Medicine,video,110  Cirrhosis and It's Complications,https://youtu.be/YCmEaLSfxco,
Medicine,video,111  PBC and PSC,https://youtu.be/UUDAQz53eyw,
Medicine,video,112  Wilson Disease and Hemochromatosis,https://youtu.be/Qarp8Ii9EkA,
Medicine,video,113  Alcoholic Hepatitis,https://youtu.be/AL5LcjD9PZ4,
Medicine,video,114  Hereditary Hyperbilirubinemia,https://youtu.be/3lGxKtK2_To,
Medicine,video,115  Paracetamol and Iron Toxicity,https://youtu.be/kdLs-wBYo7Y,
Medicine,video,116  Budd Chiari Syndrome,https://youtu.be/KndKr5RH2ro,
Medicine,video,117  Cystic Fibrosis,https://youtu.be/u-2LCbvkZ3c,
Medicine,video,118  Obstructive Sleep Apnea,https://youtu.be/BWjNg-myLKs,
Medicine,video,119  Pulmonary Thromboembolism,https://youtu.be/kwULy15gtQE,
Medicine,video,120  Fat Embolism Syndrome,https://youtu.be/dFcDyIG_aZQ,
Medicine,video,121  Bronchiectasis,https://youtu.be/plsnOfndg5A,
Medicine,video,122  Pneumonia,https://youtu.be/C_cSANlMn2k,
Medicine,video,123  Bronchial Asthma,https://youtu.be/RiPPf-Slgno,
Medicine,video,124  COPD,https://youtu.be/VY9ePVZjZkM,
Medicine,video,125  Respiratory Failure,https://youtu.be/pShe0TTQlNs,
Medicine,video,126  Tuberculosis,https://youtu.be/8PGSA1-lYqc,
Medicine,video,127  Interstitial Lung Disease,https://youtu.be/4WvLhJuCX38,
Medicine,video,128  Pulmonary Alveolar Proteinosis,https://youtu.be/092eIEeRkMo,
Medicine,video,129  Pleural Effusion,https://youtu.be/sx1ylBU2Vik,
Medicine,video,130  Pneumothorax,https://youtu.be/iHYI-nAoY7A,
Medicine,video,"131  Flow Volume Curve, Spirometry and DLCO",https://youtu.be/RDzWio22E1U,
Medicine,video,132  ABG Analysis Simplified Part 1,https://youtu.be/uIHoQLE9his,
Medicine,video,133  ABG Analysis Simplified Part 2,https://youtu.be/7qWypzAwEPk,
Medicine,video,134  ABG Analysis Simplified Part 3,https://youtu.be/QMmN19H3ZxQ,
Medicine,video,135  Fever of Unknown Origin,https://youtu.be/JhXc_Ykzdqg,
Medicine,video,136  Dengue Fever,https://youtu.be/-JHmDdW7ui0,
Medicine,video,"137  Nipah, Zika and Monkeypox",https://youtu.be/xtOsYRCHw0g,
Medicine,video,138  Pneumocystis Jiroveci,https://youtu.be/uv9uxWqbc4U,
Medicine,video,139  Aspergillosis,https://youtu.be/nHP3KnzN11o,
Medicine,video,140  AIDS,https://youtu.be/9xdTEnev6NU,
Medicine,video,141  SARS COV 2 COVID 19,https://youtu.be/jFJXEBb_yMQ,
,,,✅ Playlist Imported,
Psychiatry,video,01 About the faculty,https://youtu.be/vhjm1XPFgrM,
Psychiatry,video,02 Baiscs Of Psychiatry,https://youtu.be/GgxSsZWu8EM,
Psychiatry,video,03 Schizophrenia and Other Primary Psychotic Disorder,https://youtu.be/UvoGhbKVT-w,
Psychiatry,video,04 Mood Disorder Depressive Disorder,https://youtu.be/Z1Nwr86CmTg,
Psychiatry,video,05 Mood Disorder Bipolar and related Disorder,https://youtu.be/ciMB-uLlN6w,
Psychiatry,video,06 Anxiety or Fear related Disorder,https://youtu.be/3HJLCtgYtNc,
Psychiatry,video,07 Obessive Compulsive and Related Disorder,https://youtu.be/zdNtKyHBvyU,
Psychiatry,video,08 Impulse Control Disorder,https://youtu.be/WlwouBlYb7k,
Psychiatry,video,09 Trauma and Stressor related Disorder,https://youtu.be/aDkCTqVGvLM,
Psychiatry,video,10 Somatic symptoms and related disorder,https://youtu.be/y_5sxh9CFic,
Psychiatry,video,11 Dissociative Disorders,https://youtu.be/ydEbGqvvhiM,
Psychiatry,video,12 Substance related and Addictive Disorder,https://youtu.be/1O44_YmAABk,
Psychiatry,video,13 Neurocognitive Disorder,https://youtu.be/3C288GF8E9M,
Psychiatry,video,14 Personality Disorder,https://youtu.be/phmCwWL7nPQ,
Psychiatry,video,15 Eating Disorder,https://youtu.be/sVr5f3pnVmQ,
Psychiatry,video,16 Sleep Disorder,https://youtu.be/NH2Trd4Jli0,
Psychiatry,video,17 Sexual Disorder,https://youtu.be/vUSo04O7oDc,
Psychiatry,video,18 Child Psychiatry,https://youtu.be/zt5Le7QAMWI,
Psychiatry,video,19 Psychoanalysis,https://youtu.be/9CkfJZ2oRVE,
Psychiatry,video,20 Miscellaneous,https://youtu.be/GXxkaaITNSQ,
,,,✅ Playlist Imported,
Radiology,video,01 Introduction to radiology,https://youtu.be/mGQb_gvIdVw,
Radiology,video,02 X Ray,https://youtu.be/w-gCNBIvIVs,
Radiology,video,03 CT Scans,https://youtu.be/kVG533iJW8I,
Radiology,video,04 MRI,https://youtu.be/csMItdVFjE0,
Radiology,video,05 ULTRASOUND,https://youtu.be/UtaCMLmdfXc,
Radiology,video,06 Contrast Media,https://youtu.be/6Uoc5-OefhQ,
Radiology,video,07 Gastrointestinal Radiology,https://youtu.be/m2dvGfrWims,
Radiology,video,08 Hepatobilliary Pancreatic Radiology,https://youtu.be/OGuNM14WalY,
Radiology,video,09 Genitourinary Radiology,https://youtu.be/2YV8cty9iDA,
Radiology,video,10 Women's Imaging,https://youtu.be/rZZFIXXrQuA,
Radiology,video,11 Neuroradiology,https://youtu.be/ez--J64WEuM,
Radiology,video,12 Respiratory Radiology,https://youtu.be/DEvmOfjyImw,
Radiology,video,13 CVS Radiology,https://youtu.be/xBv-yDm0bUg,
Radiology,video,14 MSK Radiology,https://youtu.be/bfiZ22vU8DU,
Radiology,video,15 Nuclear Medicine,https://youtu.be/nrOYKKWnxO4,
Radiology,video,16 Radiotherapy,https://youtu.be/qL7jRjXUbio,
Radiology,video,17 Radiological Anatomy,https://youtu.be/D02SqE0ex4M,
Radiology,video,18 Named X Ray Views,https://youtu.be/axM7OE3C270,
Radiology,video,19 Clinical Punch Part 1,https://youtu.be/pIe16psGllQ,
Radiology,video,20 Clinical Punch Part 2,https://youtu.be/nVaHQB1GHXk,
,,,✅ Playlist Imported,
BTR 2.0,video,001 Orientation to BTR,https://youtu.be/Et3jIOoH1T4,
BTR 2.0,video,01 Anaesthesia,https://youtu.be/35Wn_b71aBU,
BTR 2.0,video,02 Dermatology,https://youtu.be/UvqJl8iUm-8,
BTR 2.0,video,03 Ent,https://youtu.be/8HhrySt75-4,
BTR 2.0,video,04 Forenisc Medicine,https://youtu.be/I6vJ5hdMRwI,
BTR 2.0,video,05 Ophthalmology Part 1,https://youtu.be/PRsB53QOGbM,
BTR 2.0,video,06 Ophthalmology Part 2,https://youtu.be/Cx8N2iduV7k,
BTR 2.0,video,07 Orthopedics,https://youtu.be/8qVir7Zx4Gs,
BTR 2.0,video,08 Psychiatry,https://youtu.be/k-WYCiwQFI8,
BTR 2.0,video,09 Radiology Part 1,https://youtu.be/d3ShGAQvQh0,
BTR 2.0,video,10 Radiology Part 2,https://youtu.be/AUhMRhDOvtg,
BTR 2.0,video,11 Anatomy,https://youtu.be/u8y-Z1cEYE8,
BTR 2.0,video,12 Biochemistry,https://youtu.be/dZLBQUAY5iE,
BTR 2.0,video,13 Microbiology,https://youtu.be/8cJBiyXTaqo,
BTR 2.0,video,14 Pediatrics,https://youtu.be/We831mgVIBs,
BTR 2.0,video,15 Obs and Gyane Part 1,https://youtu.be/7ObzmMAt5Ns,
BTR 2.0,video,16 Obs and gyane Part 2,https://youtu.be/tE2_acrZDog,
BTR 2.0,video,17 PSM,https://youtu.be/lGQBTVy2vgs,
BTR 2.0,video,18 Surgery Part 1,https://youtu.be/RpWlbzS6Pw4,
BTR 2.0,video,19 Surgery Part 2,https://youtu.be/xs7m4VDKBnY,
BTR 2.0,video,20 General Pathology,https://youtu.be/i8-eGRcFUyg,
BTR 2.0,video,21 General Pharmacology,https://youtu.be/SzdfbY9FtRg,
BTR 2.0,video,22 General Physiology,https://youtu.be/nOduoFAR-Bs,
BTR 2.0,video,23 Integrated CVS Part 1,https://youtu.be/tzvvxOZ8_uQ,
BTR 2.0,video,24 Integrated CVS Part 2,https://youtu.be/9KoSU3igxOQ,
BTR 2.0,video,25 Integrated Endocrine System,https://youtu.be/w4gS2G3Wd_Q,
BTR 2.0,video,26 Integrated GI and Hepatobilliary System,https://youtu.be/dRf4pNfD15k,
BTR 2.0,video,27 Integrated Hematology,https://youtu.be/zKn-qXIJHAc,
BTR 2.0,video,28 Integrated Neurology,https://youtu.be/fFG_jKRTGJc,
BTR 2.0,video,29 Integrated Renal System,https://youtu.be/41kwX_TvLY4,
BTR 2.0,video,30 Integrated Respiratory System,https://youtu.be/_9HtXxf84EY,
BTR 2.0,video,31 Integrated Rheumatology,https://youtu.be/3IVEDbYhSVs,
BTR 2.0,video,32 Compiled Module Gray's Anatomy,https://youtu.be/MkDUJ3E_Xgw,
BTR 2.0,video,33 Compiled Module OBG Shaw&Datta,https://youtu.be/2Bre4vJjcSE,
BTR 2.0,video,34 Compiled Module Robins Special,https://youtu.be/SH8y5RHPKOc,
BTR 2.0,video,35 Compiled Module Pediatrics OP GHAI,https://youtu.be/_HDqIOvyoYY,
BTR 2.0,video,36 Compiled Module Physiology Guyton,https://youtu.be/RWEZngDi7B0,
BTR 2.0,video,37 Compiled Module Surgery Bailey&Love Part 1,https://youtu.be/CM8XxI_Jdbk,
BTR 2.0,video,38 Compiled Module Surgery Bailey&Love Part 2,https://youtu.be/wxdhD-ZUvi4,
BTR 2.0,video,39 Compiled Module PSM PARK,https://youtu.be/AEry6wUN6q0,
BTR 2.0,video,40 Compiled Module USMLE 1,https://youtu.be/vPE7sMc1T-A,
BTR 2.0,video,41 Compiled Module USMLE 2,https://youtu.be/7LmW480qcRM,
BTR 2.0,video,42 Integrated Anatomy & Radiology,https://youtu.be/CKV4GI7ElvI,
BTR 2.0,video,43 Integrated Buzzwords,https://youtu.be/Bpc7WigyMiE,
BTR 2.0,video,44 Integrated Module Cancer Staging & Management,https://youtu.be/8P4qmZM1tEM,
BTR 2.0,video,45 Integrated Module EMERGENCY,https://youtu.be/YM1m4LcL1Ew,
BTR 2.0,video,46 Integrated Module Formula Compiled,https://youtu.be/rr8aP-C3Yp0,
BTR 2.0,video,47 Integrated Module Graphs Compiled,https://youtu.be/Yc1bjNPInW8,
BTR 2.0,video,48 Integrated Module Compiled Infection,https://youtu.be/4b8n1OBdtZk,
BTR 2.0,video,49 Integrated Module Instrument Compiled,https://youtu.be/xW3SOZ6NAiY,
BTR 2.0,video,50 Integrated Module Pathology Images Compiled,https://youtu.be/S7wGyRPnUXo,
BTR 2.0,video,51 Integrated Module Integrated Pharmacology,https://youtu.be/MPRdirEQYbU,
BTR 2.0,video,52 Integrated Module Scores and Classification,https://youtu.be/NKhimHi4AHE,
BTR 2.0,video,53 Extra Edge Ortho & Surgery & Radiology,https://youtu.be/OIaW_qoz21E,
BTR 2.0,video,54 Extra Edge Biochemisyrty & Forensic Medicine,https://youtu.be/8X-cg2UmNvk,
BTR 2.0,video,55 Extra Edge   Integrated System,https://youtu.be/PJztNfCNypY,
BTR 2.0,video,56 Extra Edge   Microbiology & Anatomy,https://youtu.be/6TG-Dw4S21g,
BTR 2.0,video,57 Extra Edge OBG & Pedriatics,https://youtu.be/mUJvm3at6R4,
BTR 2.0,video,58 Extra Edge Psychiatry & ENT & Ophthal,https://youtu.be/c7N3b369zYs,
BTR 2.0,video,59 Choti Copy 1,https://youtu.be/SMmXTfEXYZE,
BTR 2.0,video,60 Choti Copy 2,https://youtu.be/YSUuwxMAf50,
BTR 2.0,video,61 Choti Copy 3,https://youtu.be/iSFBYkG6u2I,
BTR 2.0,video,62 Choti Copy 4,https://youtu.be/0E5xazpCsB0,
BTR 2.0,video,63 Choti Copy 5,https://youtu.be/Jo5djMcM7W0,
BTR 2.0,video,64 Choti Copy 5,https://youtu.be/ZPifHKiRXz4,
BTR 2.0,video,65 Mega BTR Neet Pg 1,https://youtu.be/OnsI7VtTbwY,
BTR 2.0,video,66 Mega BTR Neet Pg 2,https://youtu.be/lbVSpV81Jfs,
BTR 2.0,video,67 Mega BTR Neet Pg 3,https://youtu.be/Lr4jrzEtjX0,
BTR 2.0,video,68 Mega BTR INICET 1,https://youtu.be/G-G-b--IHvI,
BTR 2.0,video,69 Mega BTR INICET 2,https://youtu.be/TbBJHGqi_jU,
,,,✅ Folder Imported,
USMLE,notes,First AID Cases for the USMLE Step,https://drive.google.com/file/d/17Y-MIk0aHWbnfEVWUjf9z9kwX58A8fpl/view?usp=drivesdk,Other
USMLE,notes,First Aid Cases for the USMLE Step 1 3rd edition,https://drive.google.com/file/d/1Z2KWBh08RaT-h_1jHp5dohUDyQCbPxwX/view?usp=drivesdk,Other
USMLE,notes,First Aid for the Usmle Step 3,https://drive.google.com/file/d/1uqTtwDQlLKttv55LrU9SzwWW-FYsgePy/view?usp=drivesdk,Other
USMLE,notes,First Aid for the USMLE Step 1 2025 35th Edition,https://drive.google.com/file/d/1tbavEzX9sEGXQplvYyYY9_dpX-QpXn5w/view?usp=drivesdk,Other
BTR 2.0,notes,UPSC PYQ (2023),https://drive.google.com/file/d/102MzS8nhVChCtVzxb40cT2pN2N1bTiMS/view?usp=drivesdk,Other
BTR 2.0,notes,UPSC PYQ Part 1 (2022),https://drive.google.com/file/d/1AGnpJPw6TAB2zkbZxcasTYGmGzLmFybR/view?usp=drivesdk,Other
BTR 2.0,notes,Mega NEET PG BTR  Part 2   28 07 2025,https://drive.google.com/file/d/15xKwW8xIV9rmQrekwNvwhKBaRyvWrIkh/view?usp=drivesdk,Other
BTR 2.0,notes,PYQ Discussion Part 3,https://drive.google.com/file/d/1giGdv34n8Ko5oMAwrkTWcC6Vm6w_jWQF/view?usp=drivesdk,Other
BTR 2.0,notes,UPSC 2024   Paper Discussion,https://drive.google.com/file/d/158-bA549DUdTyO43rsZNrb0XK2R26O3w/view?usp=drivesdk,Other
BTR 2.0,notes,Mega NEET PG BTR  Part 3   30 07 2025,https://drive.google.com/file/d/1dn56sHub9NAKCVwj5fjd2CfJtEFvElyb/view?usp=drivesdk,Other
BTR 2.0,notes,PYQ Discussion Part 1,https://drive.google.com/file/d/1GfmBr2L9g_cHm_fdwd_dXfyGF2CzMled/view?usp=drivesdk,Other
BTR 2.0,notes,PYQ Discussion Part 2,https://drive.google.com/file/d/1LKmNuRgMh_F8SseLJ0-aqyQAmktYprfj/view?usp=drivesdk,Other
BTR 2.0,notes,Radiology Marathon INICET May 2025,https://drive.google.com/file/d/1Upt9bwsRCIdcbcE0CRJwgL1rZDoXnpM2/view?usp=drivesdk,Other
BTR 2.0,notes,INICET Nov 2023 Recall,https://drive.google.com/file/d/1LwuG-9-z4beKA2tHfCoaaWoRYzDenKlT/view?usp=drivesdk,Other
BTR 2.0,notes,Mega NEET PG BTR  Part 1   26 07 2025,https://drive.google.com/file/d/1pkVHFKDQFNFdqxynMwvH9lxcV_SEUcJH/view?usp=drivesdk,Other
BTR 2.0,notes,Mega BTR 4 Marathon INICET May 2025,https://drive.google.com/file/d/1FwHH8bdwOpwYnrnbTcDUyq_j0w91QfKt/view?usp=drivesdk,Other
BTR 2.0,notes,Mega BTR 3 Marathon INICET May 2025,https://drive.google.com/file/d/1gdV7NlQ73f4Rk_gjxMjcTqU95qxTGn6V/view?usp=drivesdk,Other
BTR 2.0,notes,Mega BTR 2 Marathon INICET May 2025,https://drive.google.com/file/d/1Cs08RxoMkUIdO-RUyFDSPoZsTFh6xwTY/view?usp=drivesdk,Other
BTR 2.0,notes,Mega BTR 1 Marathon INICET May 2025,https://drive.google.com/file/d/1_33WUPBJNC5XVQlrDWNoQ1SBRWlgBDbd/view?usp=drivesdk,Other
BTR 2.0,notes,Chhoti Copy Revision Part 6,https://drive.google.com/file/d/1nehj3PNGxvXpj1Y4LmMq7vDjiwqlSXlc/view?usp=drivesdk,Other
BTR 2.0,notes,Chhoti Copy Revision Part 5,https://drive.google.com/file/d/1J4MSJE0nR2lq4Yoic1kwkwXRcGD3o4a1/view?usp=drivesdk,Other
BTR 2.0,notes,Chhoti Copy Revision Part 4,https://drive.google.com/file/d/1dl1OdPfmyCEW_Iz0_6vCatSaPq16870a/view?usp=drivesdk,Other
BTR 2.0,notes,Chhoti Copy Revision Part 3,https://drive.google.com/file/d/1oZZcZp7XBBxktd_rvroqo7MG2LJrFb90/view?usp=drivesdk,Other
BTR 2.0,notes,Chhoti Copy Revision Part 2,https://drive.google.com/file/d/1OYcdpeiU76YNCRHjX8JS5z_qlrIWivBV/view?usp=drivesdk,Other
BTR 2.0,notes,Chhoti Copy Revision Part 1,https://drive.google.com/file/d/1ePvcI_xnIt0vD8bkteyNV01JxnH_FsOO/view?usp=drivesdk,Other
BTR 2.0,notes,PSM Park Special,https://drive.google.com/file/d/1Hmy4JSKk7E4mXi03GzBX4MDZ-DZaune7/view?usp=drivesdk,Other
BTR 2.0,notes,OBG   Shaw Dutta,https://drive.google.com/file/d/1Kf-LnedHvnN9I-ZbzOqYi4nOzFytUfUP/view?usp=drivesdk,Other
BTR 2.0,notes,OP Ghai Pediatrics,https://drive.google.com/file/d/1Xys61dnD0O3kkR9Qt5_W0fP75tzu4Yn_/view?usp=drivesdk,Other
BTR 2.0,notes,Integrated Pharmacology,https://drive.google.com/file/d/1I0qiPO3o7t8t1WddhZFXzzshFLn38nxs/view?usp=drivesdk,Other
BTR 2.0,notes,Histopathology Images Compiled,https://drive.google.com/file/d/1R-UOL7xjT3h81m4uug2tkXXEKicVM15p/view?usp=drivesdk,Other
BTR 2.0,notes,Instruments Compiled,https://drive.google.com/file/d/1tSXdxsg183ceBmzuf2bvP440otZ1scXn/view?usp=drivesdk,Other
BTR 2.0,notes,Grays Anatomy,https://drive.google.com/file/d/1K70t41rQ4MxpOnBmXt2FKu1aU1FNAGDx/view?usp=drivesdk,Other
BTR 2.0,notes,Graphs Compiled,https://drive.google.com/file/d/11UZFHSLuYOuyBOD_WVGJCHWC9VwI-87r/view?usp=drivesdk,Other
BTR 2.0,notes,Complied Module Robbins Special,https://drive.google.com/file/d/1tQyZDFyjLDxXRBy3fVdG62-Q9p4FWgQ9/view?usp=drivesdk,Other
BTR 2.0,notes,Formulae Compiled,https://drive.google.com/file/d/1QO-xrl84ZVKwk5KewbeyaVC7MSWOnCp_/view?usp=drivesdk,Other
BTR 2.0,notes,Compiled Module USMLE FIRST AID Special,https://drive.google.com/file/d/1jdrtsfI9O-x1GUDNEITej8KhxlWq6aGD/view?usp=drivesdk,Other
BTR 2.0,notes,Compiled Module Series   Guyton Review,https://drive.google.com/file/d/1zOz74hV4rcwQ7hFWUC1qD-0r5mXEjEO6/view?usp=drivesdk,Other
BTR 2.0,notes,Compiled Module Series   First Aid Part 2,https://drive.google.com/file/d/1DEf2SiutO5xBAYppX1h7usU7PIMvFXqA/view?usp=drivesdk,Other
BTR 2.0,notes,Buzzwords Compiled,https://drive.google.com/file/d/159au8lswj0j51sHLn0uNzIaHCRwyFX7q/view?usp=drivesdk,Other
BTR 2.0,notes,BTR Special  Integrated Cancers Staging & Management,https://drive.google.com/file/d/1ewCh8tTewNt02WzAzROn7a35oxx3PTBn/view?usp=drivesdk,Other
BTR 2.0,notes,BTR Special Cross Sectional Anatomy Radiology Integratio,https://drive.google.com/file/d/1OT8XRIwvTBhFSs0UAR4_bT7umdsJzwOD/view?usp=drivesdk,Other
BTR 2.0,notes,BTR Integrated  Scores & Classifications,https://drive.google.com/file/d/1fN9nbC1eJbK3kiYOJll52hoEf2Qem564/view?usp=drivesdk,Other
BTR 2.0,notes,Bailey Love Surgery Special Part 2,https://drive.google.com/file/d/1gzSp_XOJdCDgdCtksIWiSKBH9SFoo2YK/view?usp=drivesdk,Other
BTR 2.0,notes,Biochemistry BTR 2.0,https://drive.google.com/file/d/1hFLCQrsLPV8pGauDV8SR-ZuKomq7lh3s/view?usp=drivesdk,Other
BTR 2.0,notes,Pediatrics BTR 2.0,https://drive.google.com/file/d/1mtp9aYPQ4EphJH3L2Mlxa21Esg8OPasx/view?usp=drivesdk,Other
BTR 2.0,notes,BTR Special   Integrated Infections,https://drive.google.com/file/d/1DLYy8GHhcVUnqXOpvy8H2P7VQfNq6i6i/view?usp=drivesdk,Other
BTR 2.0,notes,Microbiology BTR 2.0,https://drive.google.com/file/d/19FaY9s9sVx7vUuptViUWddRjdnPZ8RCC/view?usp=drivesdk,Other
BTR 2.0,notes,Integrated CVS BTR 2.0,https://drive.google.com/file/d/1ALYexNJ8VqiEuU9tf4QG8oywGYNOq22V/view?usp=drivesdk,Other
BTR 2.0,notes,Bailey Love Surgery Special Part 1,https://drive.google.com/file/d/1SRs97oHY3H8oevgg3daQHZpFBaEldM_h/view?usp=drivesdk,Other
BTR 2.0,notes,Extra edge BTR test  Micro Anat,https://drive.google.com/file/d/1qnkVoRdET0dMzGFxMoGf13ePcf39bDW0/view?usp=drivesdk,Other
BTR 2.0,notes,"Extra edge BTR test  SURG, ORTHO, RADIO",https://drive.google.com/file/d/1wrvzxuigwi4aSH2hsn61g26WH3Jmx_F1/view?usp=drivesdk,Other
BTR 2.0,notes,"Extra edge BTR test  PSYCHI, ENT, OPHTHAL",https://drive.google.com/file/d/1_0OmAz77FWsbbRVQhVGCBcYPiyIiwXAa/view?usp=drivesdk,Other
BTR 2.0,notes,Extra edge BTR test  Integrated Systems,https://drive.google.com/file/d/1UZUYhZOcziBHx9vueIWyNU1lwIWfo95M/view?usp=drivesdk,Other
BTR 2.0,notes,Extra edge BTR test  OBG PEDS,https://drive.google.com/file/d/1ysA8V2GcsuQyLsOSrSqteiEOYoXW_BzO/view?usp=drivesdk,Other
BTR 2.0,notes,Extra edge BTR test  BIOCHEM FMT,https://drive.google.com/file/d/1LZNv8K-tagF5mqevG2NKTFpfmoQS1NBx/view?usp=drivesdk,Other
BTR 2.0,notes,Integrated Hematology BTR 2.0,https://drive.google.com/file/d/1aA-2YHEftNmbyFGZgTvLd12yLUygpbhk/view?usp=drivesdk,Other
BTR 2.0,notes,Integrated Neurology BTR 2.0,https://drive.google.com/file/d/1haOoFIjx9iOOJ75r5qY4zQwtvOgZMSlj/view?usp=drivesdk,Other
BTR 2.0,notes,"BTR Extra Edge 2  PSM, Dermatology & Anesthesia",https://drive.google.com/file/d/1smKD1jKnzbp0y5WZAKde_m9GUhtko50F/view?usp=drivesdk,Other
BTR 2.0,notes,Integrated Respiratory System BTR 2.0,https://drive.google.com/file/d/10Gbx0z4w1SsbXAOr0WxzIFLhhRQiYVH6/view?usp=drivesdk,Other
BTR 2.0,notes,Integrated Rheumatology BTR 2.0,https://drive.google.com/file/d/1rYP_fC-6dv_IWRoU68S4FzhjOymjseGa/view?usp=drivesdk,Other
BTR 2.0,notes,Integrated Renal System BTR 2.0,https://drive.google.com/file/d/1xlGjSUVimO_SdFw0Yx1qIqkMj19YJ9HU/view?usp=drivesdk,Other
BTR 2.0,notes,Integrated Endocrine System BTR 2.0,https://drive.google.com/file/d/1oXGpZVl7hL0yW2ASjBRo7tFYBTuH__RH/view?usp=drivesdk,Other
BTR 2.0,notes,Integrated GI BTR 2.0,https://drive.google.com/file/d/1nb0c_SdHG5umnBiuVAzh4h-JNSkhrOjS/view?usp=drivesdk,Other
BTR 2.0,notes,General Physiology BTR 2.0,https://drive.google.com/file/d/1OMNiHRmgGQv0xc-B9rSeYtJKI-5isTyI/view?usp=drivesdk,Other
BTR 2.0,notes,General Pathology BTR 2.0,https://drive.google.com/file/d/1iAp90bnBkB5VYPaAvBJRb4hLUtrqyVV8/view?usp=drivesdk,Other
BTR 2.0,notes,General Pharmacology BTR 2.0,https://drive.google.com/file/d/1tw1ote6fDYQoSPnXk7edLNF8lWN-ZJqp/view?usp=drivesdk,Other
BTR 2.0,notes,Anatomy BTR 2.0,https://drive.google.com/file/d/1VG7fPgELT1ockBGj1IYcsqpzkjrMgwx_/view?usp=drivesdk,Other
BTR 2.0,notes,Surgery (Part 1) BTR 2.0,https://drive.google.com/file/d/1X4U5XQrc7zTW9rct5EU3BS22_3C_Rh0M/view?usp=drivesdk,Other
BTR 2.0,notes,Surgery (Part 2) BTR 2.0,https://drive.google.com/file/d/1c6NXtr0HBR6VOqqQm0zhVj9P8N8fw8bT/view?usp=drivesdk,Other
BTR 2.0,notes,PSM BTR 2.0,https://drive.google.com/file/d/1etl61usUmF-wwYOPimBVzxW-ctaQw1Xb/view?usp=drivesdk,Other
BTR 2.0,notes,OBG BTR 2.0,https://drive.google.com/file/d/1JRdR0z-pTvRiJgFsbKP9IYqmU4TvIdZc/view?usp=drivesdk,Other
BTR 2.0,notes,Radiology BTR 2.0,https://drive.google.com/file/d/1opgwzoROFUr0nSG_cbhiBGuWLGWdvLj9/view?usp=drivesdk,Other
BTR 2.0,notes,Anesthesia BTR 2.0,https://drive.google.com/file/d/16V88ncuva9M-9Nc-tkW0zgByWo_KohpE/view?usp=drivesdk,Other
BTR 2.0,notes,Psychiatry BTR 2.0,https://drive.google.com/file/d/1g3FMz8dt0985UxCtsbnOdXZJJT4xk1Un/view?usp=drivesdk,Other
BTR 2.0,notes,Orthopedics BTR 2.0,https://drive.google.com/file/d/1zjSjFir20LVwRMnaLk4BiO8sml2tFvIi/view?usp=drivesdk,Other
BTR 2.0,notes,Dermatology BTR 2.0,https://drive.google.com/file/d/1lywSneDNHrZMOXjZ12BChFg334vAtUNC/view?usp=drivesdk,Other
BTR 2.0,notes,ENT BTR 2.0,https://drive.google.com/file/d/1C3SgWYav9y23z_3zyVIhDF6ZjIo1EEpn/view?usp=drivesdk,Other
BTR 2.0,notes,Forensic Medicine BTR 2.0,https://drive.google.com/file/d/1NLn586_0LOSON3W9nkD5xfSFG6Pb-ULM/view?usp=drivesdk,Other
BTR 2.0,notes,Ophthalmology BTR 2.0,https://drive.google.com/file/d/11Jjo4xCfSXoergq2G0_WY4fujZkDLOi1/view?usp=drivesdk,Other
Ophthalmology,notes,A K Khurana Opthalmology 7th Edition,https://drive.google.com/file/d/1kwFr6o4J58ZyvJA5zb_G919SVOPKYfVQ/view?usp=drivesdk,Other
,,,✅ Playlist Imported,
Pediatrics,video,1  Assessment of Growth and Growth Charts,https://youtu.be/Ecnsc0Sy_CU,
Pediatrics,video,2  Short Stature and Tall Stature,https://youtu.be/KTxV3Hn46WE,
Pediatrics,video,3  Normal and Abnormal Dentition,https://youtu.be/5i795MNzQMA,
Pediatrics,video,4  Anthropometric Parameters and Their Interpretation,https://youtu.be/KuOUfxhGHaU,
Pediatrics,video,5  Abnormalities of Head Size and Shape,https://youtu.be/U0Vo28-bP-c,
Pediatrics,video,6  Puberty and Adolescence,https://youtu.be/fDpaLbO-zgU,
Pediatrics,video,7  Developmental Milestones,https://youtu.be/FQevH402wKg,
Pediatrics,video,8  Abnormalities of Development,https://youtu.be/Zg2XZMAYmQo,
Pediatrics,video,9  Important Terminologies,https://youtu.be/xDiyx5QGvfM,
Pediatrics,video,10  Primitive Neonatal Reflexes,https://youtu.be/tdHcqgQs_vs,
Pediatrics,video,11  Neonatal Resuscitation,https://youtu.be/_6YwGGkbHkc,
Pediatrics,video,12  Perinatal Asphyxia,https://youtu.be/2KzPVX22eG8,
Pediatrics,video,13  Neonatal Sepsis,https://youtu.be/4doBADsotSE,
Pediatrics,video,14  Neonatal Hypothermia,https://youtu.be/R1Jg4uuoe8k,
Pediatrics,video,15  Neonatal Hypoglycemia,https://youtu.be/_2jm9ipsIPw,
Pediatrics,video,16  Respiratory Disorders in Neonates,https://youtu.be/Za7GFqScuwI,
Pediatrics,video,17  Necrotising Entercolitis,https://youtu.be/-X5bGjB_4Eg,
Pediatrics,video,18  Erythroblastosis Fetalis,https://youtu.be/a_-OudbvGTc,
Pediatrics,video,19  Neonatal Jaundice,https://youtu.be/T98iTS8s8jk,
Pediatrics,video,20  Preterm Neonate,https://youtu.be/DT2zj4NUekM,
Pediatrics,video,21  Micronutrients in Health and Disease,https://youtu.be/soUT93ZxjOo,
Pediatrics,video,22  Malnutrition,https://youtu.be/Qtw_Bk1etm0,
Pediatrics,video,23  Breastfeeding,https://youtu.be/QFm53wYw2aQ,
Pediatrics,video,24  Intravenous Fluids In Children,https://youtu.be/HxggY5V-z04,
Pediatrics,video,25  Disorders of Sodium and Potassium,https://youtu.be/G7SskZ4oxYc,
Pediatrics,video,26  Body Composition and Acid Base Balance,https://youtu.be/biK0wwtrwJ0,
Pediatrics,video,27  Important Genetic Syndromes,https://youtu.be/4LxyIy4OH8U,
Pediatrics,video,28  Types of Genetic Disorders,https://youtu.be/XX4CwS_uV_s,
Pediatrics,video,29  Disorders of Carbohydrate Metabolism,https://youtu.be/v1NZ6ZJLLek,
Pediatrics,video,30  Disorders of Amino Acid Metabolism,https://youtu.be/nzTZKAGGNf4,
Pediatrics,video,31  Lysosomal Storage Diseases MUX,https://youtu.be/-sjUzxoRNG8,
Pediatrics,video,32  Vasculatic Disorders in Children,https://youtu.be/1--uK7ME9g8,
Pediatrics,video,33  Primary Immunodeficiency Disorders,https://youtu.be/nwj1UAJ6yzY,
Pediatrics,video,34  Important Viral Diseases in Children,https://youtu.be/xGLmmeyrV8g,
Pediatrics,video,35  Important Bacterial Diseases in Children,https://youtu.be/ZAdhy2e2H0w,
Pediatrics,video,36  Congenital Infection,https://youtu.be/oOsDvolgXeo,
Pediatrics,video,37  General Concept of Immunization & Special Situations,https://youtu.be/3YxSjALuVPQ,
Pediatrics,video,38  Individual Vaccines,https://youtu.be/qUtJaybCStU,
Pediatrics,video,39  Fetal Circulation and Classification of Congenital Hear,https://youtu.be/0lHzDYOhthQ,
Pediatrics,video,40  Acute Rheumatic Fever,https://youtu.be/vAfTuOYhpRY,
Pediatrics,video,41  Tetralogy of Fallot TOF,https://youtu.be/Ftcv-jMptD4,
Pediatrics,video,42  Important Acyanotic Congenital Heart Diseases,https://youtu.be/oA8v1NY9BDo,
Pediatrics,video,43  Other Congenital Heart Diseases,https://youtu.be/QP0KxG6Sjco,
Pediatrics,video,44  Important Hematological Disorders in Children,https://youtu.be/zvZbTheXLCM,
Pediatrics,video,45  Bleeding & Coagulation Disorders in Children,https://youtu.be/xYnAu1W-YQA,
Pediatrics,video,46  Hematological Malignancies in Children,https://youtu.be/mlQ_AUJnm7I,
Pediatrics,video,47  Tumors of Infancy and Childhood,https://youtu.be/8B_ML2K41bU,
Pediatrics,video,48  Disorders of Gastrointestinal System including Diarrhea,https://youtu.be/a-Z7UdNeEHQ,
Pediatrics,video,49  Pediatric Liver Disorders,https://youtu.be/SN06U3i2MDA,
Pediatrics,video,50  Respiratory Disorders in Children,https://youtu.be/y9lFujR3BzM,
Pediatrics,video,51  Infections of Airways & Lungs,https://youtu.be/_OuDhZWuFHE,
Pediatrics,video,52  Bronchial Asthma in Children,https://youtu.be/sEmYUkE4k9Y,
Pediatrics,video,53  Cystic Fibrosis,https://youtu.be/Km3r8l79fp0,
Pediatrics,video,54  Normal Structure and Function of Kidney in Children,https://youtu.be/_hlRPtxfqEY,
Pediatrics,video,55  Congenital Abnormalities of Genitourinary Tract,https://youtu.be/rTgUl_Vv4Rc,
Pediatrics,video,56  Obstructive and Infective Disorders of Urinary Tract,https://youtu.be/1ID9GKSmaIo,
Pediatrics,video,57  Acute and Chronic Kidney Diseases,https://youtu.be/ksBRLOgEjVc,
Pediatrics,video,58  Renal Tubular Disorders,https://youtu.be/zIbscm9Oms8,
Pediatrics,video,59  Nephritic and Nephrotic Syndromes,https://youtu.be/FBPZ5dk9c0w,
Pediatrics,video,60  Congenital CNS Malformations and Hydrocephalus,https://youtu.be/N3VjSW_hnTs,
Pediatrics,video,61  Seizures in Children,https://youtu.be/MDi1vhwJAdQ,
Pediatrics,video,62  Disorders with CNS Involvement and Brain Death,https://youtu.be/VctGHnT_oMs,
Pediatrics,video,63  Important Disorders Involving Bones,https://youtu.be/Ya8abtMC5tM,
Pediatrics,video,64  Disorders involving Muscles in Children,https://youtu.be/ucQKBAl9bZQ,
Pediatrics,video,65  Rickets,https://youtu.be/L-zFHtW-seA,
Pediatrics,video,66  Disorders of Pituitary,https://youtu.be/M6nChhDRJOE,
Pediatrics,video,67  Disorders of Thyroid in Children,https://youtu.be/9duhHdHbU9w,
Pediatrics,video,68  Adrenal Disorders,https://youtu.be/VVWLlEswXjo,
Pediatrics,video,69  Disorders of Sexual Development,https://youtu.be/JBxfR6iLd68,
Pediatrics,video,70  Disorders of Puberty,https://youtu.be/o1C67wVVodQ,
Pediatrics,video,71  Type 1 Diabetes Mellitus in Children,https://youtu.be/oJemjRIX_LU,
Pediatrics,video,72  Childhood Obesity,https://youtu.be/rcxPOfYa6sk,
Pediatrics,video,73  Common Childhood Poisonings,https://youtu.be/Fs-GgPvPBoQ,
,,,✅ Playlist Imported,
Pathology,video,01 Approach to Pathology Specimen,https://youtu.be/4UEA8FjNxrs,
Pathology,video,02 Gangrene of large intestine,https://youtu.be/7bMq7ypm6A0,
Pathology,video,03 Cardiac Hypertrophy,https://youtu.be/io0dsspGlPg,
Pathology,video,04 Non Healing ulcer of foot,https://youtu.be/mlR8vcQQKJE,
Pathology,video,05 Difference between liver and spleen,https://youtu.be/FgKjd4Vc6aI,
Pathology,video,06 Testicular torsion,https://youtu.be/O1kvB41yoS4,
Pathology,video,07 Congestive Splenomegaly,https://youtu.be/PuzNM-L1gpg,
Pathology,video,08 Trichobezor,https://youtu.be/dUjvgQFUrmY,
Pathology,video,09 Lung milliary T B,https://youtu.be/ma9UpkHBiTo,
Pathology,video,10 Gall Bladder Carcinoma,https://youtu.be/4265X6DhXnU,
Pathology,video,11 Burkitt Lymphoma,https://youtu.be/YpjmyydZa6o,
Pathology,video,12 Intestinal Adenocarcinoma,https://youtu.be/VD9mMHYxVnE,
Pathology,video,13 Liver Cirrhosis,https://youtu.be/jxsu9HhVpWo,
Pathology,video,14 Renal cell carcinoma,https://youtu.be/SN_daxY_3wA,
Pathology,video,15 Ovarian carcinoma,https://youtu.be/NswpUDFMNwU,
Pathology,video,16 Leiomyoma,https://youtu.be/3V8Me1KDJMs,
Pathology,video,17 Leiomyoma of Uterus,https://youtu.be/67zn9L8fxEA,
Pathology,video,18 Leomyosarcoma of uterus,https://youtu.be/zvc64w66_l4,
Pathology,video,19 Fibroadenoma of breast,https://youtu.be/Toe9STS8faI,
Pathology,video,20 Breast cancer,https://youtu.be/6REzONcAiyQ,
Pathology,video,21 Seminoma,https://youtu.be/szeLD5MPJ2c,
Pathology,video,22 Anecephaly,https://youtu.be/HUFMC6Fu9aw,
Pathology,video,23 Cellular adaptation,https://youtu.be/Syrq7dC0aAk,
Pathology,video,24 Cell injury and necrosis,https://youtu.be/U0ABMYrG6fI,
Pathology,video,25 Apoptosis and other form of cellular death,https://youtu.be/Xkswm5bHFb0,
Pathology,video,26 Intracellular accumulation,https://youtu.be/iYFLfi7ryg0,
Pathology,video,27 Cell ageing,https://youtu.be/lILFH6BE28Q,
Pathology,video,28 Basics of inflammation,https://youtu.be/xTvkKlk9rOU,
Pathology,video,29 Acute Inflammation,https://youtu.be/HqckKawo4C0,
Pathology,video,30 Inflammatory mediators,https://youtu.be/MIsOiMsw1zM,
Pathology,video,31 Chronic inflammation and wound healing,https://youtu.be/P7hbDQ3P-ks,
Pathology,video,32 Edema and congestion,https://youtu.be/B36Rdo5loxQ,
Pathology,video,33 Thrombus,https://youtu.be/gmCtn6xPKPU,
Pathology,video,34 Infarct,https://youtu.be/WpIdy-O0L7Q,
Pathology,video,35 Embolus,https://youtu.be/CdwkWskvJIs,
Pathology,video,36 Shock,https://youtu.be/a3jRsqipxZ0,
Pathology,video,37 Basics and Pedigree,https://youtu.be/Bdg2Yk00UO0,
Pathology,video,38 Mendelian Disorder,https://youtu.be/ALH9XrItLDQ,
Pathology,video,39 Marfan syndrome,https://youtu.be/Ael0DWBMNUU,
Pathology,video,40 Non Mendelian inheritance,https://youtu.be/MoEpqR9mUgw,
Pathology,video,41 Chromosomal disorders,https://youtu.be/3fXmZGUtnAU,
Pathology,video,42 Genetic Diagnosis,https://youtu.be/xRJ3HkfqmSU,
Pathology,video,43 Basics of immunology,https://youtu.be/s8aclKtVens,
Pathology,video,44 Hypersensitivity reaction part 1,https://youtu.be/gh4t-XKYRtM,
Pathology,video,45 Hypersensitivity reaction part 2,https://youtu.be/8YGZA7gn9Ic,
Pathology,video,46 Autoimmune disorders,https://youtu.be/Bb2335swvyA,
Pathology,video,47 Sjogren's syndrome,https://youtu.be/X6MGHbNY1zU,
Pathology,video,48 Graft rejection,https://youtu.be/lEdmS15GxPg,
Pathology,video,49 Amyloidosis,https://youtu.be/0D2M1CtYNCk,
Pathology,video,50 Hiv,https://youtu.be/OEzYtxqxgBc,
Pathology,video,51 Basics of neoplasia,https://youtu.be/uQFOWLapq-4,
Pathology,video,52 Protooncogene and tumor suppressor gene,https://youtu.be/EH8zrM5M9xA,
Pathology,video,53 Warburg effect and evasion of immunity,https://youtu.be/qIGMVDKe0xo,
Pathology,video,54 Angiogenesis and metastasis,https://youtu.be/jCIO1B4pPnc,
Pathology,video,55 Carcinogens and clinical aspect,https://youtu.be/rvifGepTuTA,
Pathology,video,56 Pattern in neoplasia,https://youtu.be/Ixins99XTG0,
Pathology,video,57 Basics and Classification of anemia,https://youtu.be/ZahmTXC67xQ,
Pathology,video,58 RBC membrane defect,https://youtu.be/nFDU95xagnQ,
Pathology,video,59 RBC enzyme defect and PNH,https://youtu.be/wtVp01s0558,
Pathology,video,60 Sickle cell anemia,https://youtu.be/zhtWgQmqY4c,
Pathology,video,61 Thalassemia,https://youtu.be/Vm10CezPWaA,
Pathology,video,62 Autoimmune hemolytic anemia,https://youtu.be/1Djl5hsKupU,
Pathology,video,63 Iron deficiency anemia,https://youtu.be/xiE8wfsm5nU,
Pathology,video,64 Megaloblastic anemia,https://youtu.be/xcDaVfD8tIk,
Pathology,video,65 Hypoproliferative Anemia,https://youtu.be/luHQKmAEjUk,
Pathology,video,66 RBC Images,https://youtu.be/dnQYKFTC1Kk,
Pathology,video,67 B cell journey,https://youtu.be/b-dRLcpQAuo,
Pathology,video,68 Nhl part1,https://youtu.be/k3uSrOXiTfk,
Pathology,video,69 NHL part 2,https://youtu.be/DA6jYAGPGTI,
Pathology,video,70 Hodgkin Lymphoma,https://youtu.be/AFdzW8JVdgE,
Pathology,video,71 Acute lymphoid leukemia,https://youtu.be/G4116sbZoZQ,
Pathology,video,72 Acute myeloid leukemia,https://youtu.be/yaVxuIQ1z0M,
Pathology,video,73 Myeloproliferative neoplasm,https://youtu.be/tIiM3I8gKfA,
Pathology,video,74 Plasma cell neoplasms,https://youtu.be/povJbK5eHJU,
Pathology,video,75 Approach to bleeding disorder,https://youtu.be/NLy289mBydI,
Pathology,video,76 Bleeding and coagulation disorder,https://youtu.be/aFqVOHRAnvU,
Pathology,video,77 Blood grouping &typing&vacutainer,https://youtu.be/xSIEwz1F3B8,
Pathology,video,78 Blood transfusion reaction,https://youtu.be/et5tCMZbhEc,
Pathology,video,79 Histology and arteriosclerosis,https://youtu.be/NkZo0cg0moQ,
Pathology,video,80 Aneurysm and dissection,https://youtu.be/t-L9Eg2NhEk,
Pathology,video,81 Vasculitis part 1,https://youtu.be/uX7cPca3QYg,
Pathology,video,82 Vasculitis part 2,https://youtu.be/YleQZIiD3ds,
Pathology,video,83 Vascular Tumors,https://youtu.be/MxlYXj6uV88,
Pathology,video,84 Postmortem changes in MI,https://youtu.be/nHxeOpVvo48,
Pathology,video,85 Valvular heart disease,https://youtu.be/6FRIHZ8Lbwc,
Pathology,video,86 Cardiomyopathy,https://youtu.be/NYMcPT9l4Tk,
Pathology,video,87 Heart failure,https://youtu.be/6TSo2lvBU14,
Pathology,video,88 Lungs ARDS,https://youtu.be/CSZVFWES38s,
Pathology,video,89 Obstructive and restrictive lung disease,https://youtu.be/XkjuWWi5B9I,
Pathology,video,90 Penumonia,https://youtu.be/1nD422E-hX0,
Pathology,video,91 Asthma and Bronchiectasis,https://youtu.be/K-h7_99RqiM,
Pathology,video,92 Lung Carcinoma,https://youtu.be/CCK89n6DfjA,
Pathology,video,93 Salivary gland and esophagus neoplasm,https://youtu.be/lwK55IwsuHQ,
Pathology,video,94 Gastritis,https://youtu.be/2G2u0roMohA,
Pathology,video,95 Gastric tumors,https://youtu.be/un1T0KpkSw4,
Pathology,video,96 Intestine   Inflammatory disorder,https://youtu.be/7DgKzBVNhUE,
Pathology,video,97 Intestine   Neoplasm,https://youtu.be/nn6UClTZF_E,
Pathology,video,98 jaundice and bilirubin metabolism,https://youtu.be/hGrWvKPMXTw,
Pathology,video,99 Portal Hypertension,https://youtu.be/xrLuvvOkz7o,
Pathology,video,100 Pancreatitis,https://youtu.be/YMDWYz_SzTE,
Pathology,video,101 Hepatobiliary tumors,https://youtu.be/OMlWDfNk38U,
Pathology,video,102 Pancreaticobiliary lesions,https://youtu.be/x8EraREHNEA,
Pathology,video,103 Hepatitis and metabolic liver disease,https://youtu.be/2RGE7wZ-_ao,
Pathology,video,104 Glomerulonephritis part 1,https://youtu.be/f3QenudeRbk,
Pathology,video,105 Glomerulonephritis part 2,https://youtu.be/Il0V7LXEOA4,
Pathology,video,106 Vascular and cystic disease of kidney,https://youtu.be/ZDWaS7imkG0,
Pathology,video,107 Renal failure and AKI,https://youtu.be/RVbdb9-DsI4,
Pathology,video,108 Tubulo interstitial disease,https://youtu.be/o4FrsGS0irI,
Pathology,video,109 Renal tumors,https://youtu.be/htd8PU7MZUA,
Pathology,video,110 Basics of thyroid disorder,https://youtu.be/MNs8IeWvnq0,
Pathology,video,111 Thyroid lesions,https://youtu.be/JnhCMMYz4V0,
Pathology,video,112 Adrenal and pituitary glands,https://youtu.be/0zPiDrmTI34,
Pathology,video,113 Cushing syndromes,https://youtu.be/Ch454EpZ_jg,
Pathology,video,114 Diabetes mellitus,https://youtu.be/ykkA_s5iM4o,
Pathology,video,115 Prostate and testis,https://youtu.be/FagZ9pn_UQo,
Pathology,video,116 Testicular tumor,https://youtu.be/6sKe-ag80RI,
Pathology,video,117 Cervix,https://youtu.be/_Cz4TCLUfQ8,
Pathology,video,118 Endometrium,https://youtu.be/Zz9fGcpbgdA,
Pathology,video,119 Leiomyoma and Leomyosarcoma,https://youtu.be/Ua88BZ4zXYE,
Pathology,video,120 Ovarian Tumors,https://youtu.be/uoBk5LOSCoU,
Pathology,video,121 Gestational trophoblastic disease,https://youtu.be/LHEyerAnOLA,
Pathology,video,122 Breast pathology,https://youtu.be/pwVDmo_biHU,
Pathology,video,123 Cns tumors,https://youtu.be/dGrkt8HTPN0,
Pathology,video,124 Normal bone and fracture healing,https://youtu.be/Nd2H4YmJets,
Pathology,video,125 Rheumatoid arthritis,https://youtu.be/Kw7r0vTLROg,
Pathology,video,126 Paget's disease,https://youtu.be/aLq9IRAu7aA,
Pathology,video,127 Bone and soft tissue tumor,https://youtu.be/ht2dGty7MLA,
Pathology,video,128 Nevus melanoma,https://youtu.be/83iMwZHXYrs,
Pathology,video,129 BCC and SCC,https://youtu.be/wh0GgytFVfA,
Pathology,video,130 Role of pathologist in diagnosis,https://youtu.be/zWUuttB70uo,
Pathology,video,131 Cytology,https://youtu.be/PFk1b5W5h7E,
,,,✅ Playlist Imported,
PSM,video,01 Concept of health,https://youtu.be/0XxWeIoXnIA,
PSM,video,02 Concept of disease causation and control,https://youtu.be/9GIaHEQeA4o,
PSM,video,03 Health and disability indicators,https://youtu.be/SAd3_WB3u-U,
PSM,video,04 Health and developmental indices,https://youtu.be/-5bpYVoLy1Q,
PSM,video,05 Basics in epidemiology,https://youtu.be/V3p8WTGTd6o,
PSM,video,06 Descriptive Epidemiology,https://youtu.be/Ixn-EfDF81Q,
PSM,video,07 Analyytical Epidemiology,https://youtu.be/R_z14NocH-c,
PSM,video,08 Advance analytical study design,https://youtu.be/OFq5rhZi4pg,
PSM,video,09 Experimental epidemiology,https://youtu.be/zSmQKb99gW8,
PSM,video,10 Evidence based medicine,https://youtu.be/M_tIiQtrVXU,
PSM,video,11 Bias and Casuality numerical problem,https://youtu.be/XOHxh50peG8,
PSM,video,12 Screening of Disease,https://youtu.be/fcL2zq1P89A,
PSM,video,13 Determinant in screening of disease,https://youtu.be/5BiaLSn4BJ0,
PSM,video,14 Advance concept in screening of disease,https://youtu.be/O7zH_VZIyM8,
PSM,video,15 Introduction to data in Biostatics,https://youtu.be/xSCaymnPEeQ,
PSM,video,16 Measures of central tendency,https://youtu.be/B2eT41AeWHQ,
PSM,video,17 Normal distribution curve,https://youtu.be/csgqSBaFkrQ,
PSM,video,18 Concept of probability value,https://youtu.be/G96v4hFu3vM,
PSM,video,19 Test of significance,https://youtu.be/9YUq3xdNQUA,
PSM,video,"20 Correction , Regression , Skew",https://youtu.be/rDAweTEUyfE,
PSM,video,21 Sampling method and calculation,https://youtu.be/MTTG1NOaWEU,
PSM,video,22 Probability and tiles,https://youtu.be/Zq81iPkg6Us,
PSM,video,23 Graphs,https://youtu.be/lpOJQ7J6nC4,
PSM,video,24 Biostats review and QA round,https://youtu.be/DdfI8bQPgG8,
PSM,video,25 Infectious disease epdemiology Part 1,https://youtu.be/TInS84VtJ-A,
PSM,video,26 Infectious disease epdemiology Part 2,https://youtu.be/s5oIqF_tUO4,
PSM,video,27 Infectious disease epdemiology Part 3,https://youtu.be/m4ELoDOMRJY,
PSM,video,28 Small Pox and Chicken Pox,https://youtu.be/V80xIjHmiH8,
PSM,video,"29 Measles, Mumps , Rubella",https://youtu.be/JngQ15i-PdI,
PSM,video,"30 Flu , Diphteria , Pertussis",https://youtu.be/kQWcEj9pfK0,
PSM,video,31 Cholera and Diarrhoeal Disease Control program,https://youtu.be/ehDPhxytqNs,
PSM,video,32 Typhoid and Amoebiasis,https://youtu.be/UpG_Qh1qW_E,
PSM,video,33 Hepatitis,https://youtu.be/d5lzigjykWk,
PSM,video,34 Soil transmitted helminthic infection,https://youtu.be/j-LH_ZIBZYo,
PSM,video,"35 Plague , Yellow fever ,KFD",https://youtu.be/eV3cUHsGGOo,
PSM,video,36 Zoonoses and Rabies,https://youtu.be/58op-bkG2k4,
PSM,video,37 Tetanus,https://youtu.be/dhHwm8XT9k8,
PSM,video,38 Rickettsia,https://youtu.be/olY1o_rQOOU,
PSM,video,"39 Ebola , Zika, Niphah",https://youtu.be/bwMGC_mzvrM,
PSM,video,40 Non Communicable Disease,https://youtu.be/bwNrkj8UsTU,
PSM,video,41 Health care system in india,https://youtu.be/q24mUXYbPag,
PSM,video,42 TB Epidemiology and Diagnosis,https://youtu.be/_2pdEmNYV90,
PSM,video,43 NTEP   Diagnosis and Treatment,https://youtu.be/Nvl3iClQd4s,
PSM,video,"44 NTEP   New strategies, Organisation , Evaluation",https://youtu.be/2XDkZjImyKk,
PSM,video,"45 NACP   Target , Diagnosis , Management",https://youtu.be/4KxfXTGnDls,
PSM,video,"46 NACP   Strategies , Organisation , Indicators",https://youtu.be/OnzsphsX50U,
PSM,video,47 Malarial Epidemiology,https://youtu.be/H0g4l2vu4kk,
PSM,video,48 NVBDCP   Diagnosis and Treatment,https://youtu.be/jGof5i7J_NY,
PSM,video,49 NVBDCP   Strategies,https://youtu.be/vy4CWRjo1xg,
PSM,video,50 NVBDCP   Indicator and Recent updates,https://youtu.be/FX6jpu42SZ8,
PSM,video,51 Japanease Encephalities,https://youtu.be/r7SF_AbFKWo,
PSM,video,52 Dengue,https://youtu.be/a5hk4Uhy6Xo,
PSM,video,53 Lymphatic Filariasis,https://youtu.be/sQVZmvTAx7M,
PSM,video,54 Kala Azar,https://youtu.be/7DR5shUGMb8,
PSM,video,55 National Leprosy Eradication Program,https://youtu.be/QuenQa1W6xU,
PSM,video,56 National Polio Surveillance Program,https://youtu.be/6Gy_AomrhfM,
PSM,video,"57 NIDDCP, IDSP and ICDS",https://youtu.be/XPZV0mNijYs,
PSM,video,58 ESI and Factories Act,https://youtu.be/jUI-jp4LtYQ,
PSM,video,59 NHMP and National Health Policy 2017,https://youtu.be/Aa0yeWlBOxs,
PSM,video,60 Recent advances in community medicine 2022,https://youtu.be/2TsowHaeCmY,
PSM,video,61 Demographic cycle,https://youtu.be/c6NTxKcQhyA,
PSM,video,62 Demographic Trends,https://youtu.be/kkjOPOCx7RY,
PSM,video,63 Fertility Rates,https://youtu.be/eu0n5S_yR0Q,
PSM,video,64 Survey Technique,https://youtu.be/qe8XXXaGr8Q,
PSM,video,65 Death certificates and Cause of death 2019 report,https://youtu.be/yx2EWJZAItQ,
PSM,video,66 Family Planning and Contraception Part 1,https://youtu.be/4UXyMPhZbWA,
PSM,video,67  Family Planning and Contraception Part 2,https://youtu.be/vNsNGs8YG5Q,
PSM,video,68 National Family Planning Program,https://youtu.be/VYq7lVZQr9Q,
PSM,video,69 Indicator of MCH care,https://youtu.be/rTiyBVi1VBM,
PSM,video,70 Preventive obstetrics,https://youtu.be/uFEL_ACyEAw,
PSM,video,71 Preventive Paediatrics   Early Care,https://youtu.be/QgJuECF5fD8,
PSM,video,72 Preventive Paediatric   Growth and Development,https://youtu.be/F7BILtc77gU,
PSM,video,73 Social Paediatrics,https://youtu.be/9tMvD-RVjH8,
PSM,video,74 RMNCH+A Part 1,https://youtu.be/xIrqG4dQDO0,
PSM,video,75 RMNCH+A Part 2,https://youtu.be/nbdrDhasHfk,
PSM,video,76 Immunisation Basics,https://youtu.be/2Thc9_R1c20,
PSM,video,77 National Immunization Schedule,https://youtu.be/ljKo_0iV2zY,
PSM,video,78 Immunization FAQS,https://youtu.be/ds4_Fqiv7pU,
PSM,video,79 Cold Chain,https://youtu.be/RqUMgG6VxzI,
PSM,video,"80 Vaccine Strains , GVAP, MCP Cards",https://youtu.be/f7KnyriOpts,
PSM,video,"81 Vaccine in special situation , Waste Management and AEFI",https://youtu.be/VTD3_70wT6U,
PSM,video,82 Nutrition   Concepts and Macronutrients,https://youtu.be/nH4DHq8pS-w,
PSM,video,83 Nutrition   Micronutrients and RDA 2020,https://youtu.be/6j_UcbYXaXI,
PSM,video,"84 Nutrition   Food Product , Adulterants and Standard",https://youtu.be/Po74aEPhR2o,
PSM,video,85 Social Medicine and Health,https://youtu.be/5C5wjFrcu-I,
PSM,video,86 Air and Meteorology,https://youtu.be/z_3ZRRr4zo4,
PSM,video,87 Water Part 1,https://youtu.be/hfzWxHKUaRo,
PSM,video,88 Water Part 2,https://youtu.be/lEtRwrSKd6k,
PSM,video,"89 Housing , Ventilation , Lights , Sound and Radiation",https://youtu.be/s3jKf6aeoXI,
PSM,video,90 Waste and Sewage Disposal,https://youtu.be/o7IFuxPL6vQ,
PSM,video,91 Entomolgy   Mosquitoes,https://youtu.be/j6UbTgfNNpo,
PSM,video,"92 Entomology   Lice, Ticks, Mites, Sandfly",https://youtu.be/Ncd-uaSqBYg,
PSM,video,93 Mosquitoes control measures and Insecticides,https://youtu.be/lCI69eN_4E8,
PSM,video,94 Biomedical Waste Management,https://youtu.be/wNjHKu3LaT4,
PSM,video,95 Disaster Management,https://youtu.be/pUNq9mLv1w8,
PSM,video,96 Occupational Health,https://youtu.be/QOZjYT5jUwc,
PSM,video,97 Health communication and Education,https://youtu.be/geORfvwzYCM,
PSM,video,98 Health Planning and Management,https://youtu.be/hEvPEnjHdOg,
PSM,video,99 International Health,https://youtu.be/NKNXx8KCAsU,
PSM,video,100 History and Evolution of Medicine,https://youtu.be/552KFD1gUWU,
PSM,video,101 Preventive Geriatics,https://youtu.be/hXc1q1Yf6Q0,
PSM,video,102 Genetics and health,https://youtu.be/XBIQKwlU6b0,